<?xml version="1.0" encoding="UTF-8"?>
<archimate:model xmlns:xsi="http://www.w3.org/2001/XMLSchema-instance" xmlns:archimate="http://www.archimatetool.com/archimate" name="Estudo de casos" id="id-ce200009252941b5aa0a0533b7aa4f5d" version="5.0.0">
  <folder name="Strategy" id="id-71dcee2cfac04437a1abc128f79c4141" type="strategy"/>
  <folder name="Business" id="id-85d6628896b747bba789c26e7cf6210a" type="business">
    <element xsi:type="archimate:BusinessEvent" name="Pedido" id="id-986b1e30e5c34acea8c3553c7eec9d4b"/>
    <element xsi:type="archimate:BusinessProcess" name="Analisa pedido" id="id-6b006823a07d406fae19094ca1744354"/>
    <element xsi:type="archimate:BusinessProcess" name="Prepara ingredientes" id="id-0eb53be573bd4be8849d71857351170c"/>
    <element xsi:type="archimate:BusinessProcess" name="Cozimento" id="id-7a1bad017f764637b9a0c0cb8c1ca867"/>
    <element xsi:type="archimate:BusinessProcess" name="Montagem do prato" id="id-2ccd99eac9574a6bb4815ec7b3472521"/>
    <element xsi:type="archimate:BusinessProcess" name="Verifica ingredientes" id="id-309ea4caf8464ffdaa5f7ccee15c25b9"/>
    <element xsi:type="archimate:BusinessProcess" name="Prepara equipamentos" id="id-55dd7801dfd0462ab14bc4f94c56019b"/>
    <element xsi:type="archimate:BusinessProcess" name="Verifica qualidade" id="id-d8821219f027457bba23c7f7eb1e128c"/>
    <element xsi:type="archimate:BusinessProcess" name="Embala " id="id-f2a3a5620a5c450ca1f1c8e5a1927223"/>
    <element xsi:type="archimate:BusinessProcess" name="Emprata" id="id-d9ebf7d039534a2189c406fd99b4c3d4"/>
    <element xsi:type="archimate:BusinessInteraction" name="Informa Garçom" id="id-3117c4e80d3d4044b4aa316a88d390c2"/>
    <element xsi:type="archimate:BusinessInteraction" name="Informa Entregador" id="id-4d81da1d0a8e4fae9a9a3373449f07bb"/>
    <element xsi:type="archimate:BusinessRole" name="Entregador" id="id-b459e2f8c3504ab0a5489af00b1f9577"/>
    <element xsi:type="archimate:BusinessRole" name="Garçom" id="id-33ac51e2d993473e9099602383a6208e"/>
    <element xsi:type="archimate:BusinessRole" name="Cozinheiro" id="id-f08d9c09d4b5474e81257487d26c6b44"/>
    <element xsi:type="archimate:BusinessProcess" name="Acessa o sistema de gestao de estoque" id="id-35b7227de0d84b3da135688df47d5297"/>
    <element xsi:type="archimate:BusinessEvent" name="Produto em falta " id="id-bef430bbaf204819956bd74c1f9f1655"/>
    <element xsi:type="archimate:BusinessProcess" name="Revisa níveis de estoque atual" id="id-c33a0606790d4079b782a009cfe2bdf5"/>
    <element xsi:type="archimate:BusinessProcess" name="Identifica produtos com baixo estoque" id="id-b45bf5b807254c0b9ef444590f08e024"/>
    <element xsi:type="archimate:BusinessProcess" name="Verifica pedidos pendentes com os fornecedores" id="id-e7b530d72b3c4f98918d8427a468eba6"/>
    <element xsi:type="archimate:BusinessProcess" name="Pesquisa fornecedores" id="id-3e0b0d8a731444d4a71e3f83601d7175"/>
    <element xsi:type="archimate:BusinessProcess" name="Repor Estoque" id="id-5827b02e346949909425c55e4535cf6c"/>
    <element xsi:type="archimate:BusinessProcess" name="Preparar pedido" id="id-65aa2551a90641d3a1d97f32916385a0"/>
    <element xsi:type="archimate:BusinessProcess" name="Gera pedido de reposição" id="id-851aa8187daf4f7584c3c7804f833cc5"/>
    <element xsi:type="archimate:BusinessProcess" name="Aprova pedido" id="id-4d4542c0dad7412e8d24a676915bc2c3"/>
    <element xsi:type="archimate:BusinessProcess" name="Envia pedido a fornecedores" id="id-06ad02a1b0a04c57a0c20c2c692801a6"/>
    <element xsi:type="archimate:BusinessProcess" name="Acompanha pedidos" id="id-2642af908e0a404faa5bf442dc43f44b"/>
    <element xsi:type="archimate:BusinessProcess" name="Recebe mercadoria" id="id-53c4d7f85f5b47b4aca525c99558e0ff"/>
    <element xsi:type="archimate:BusinessProcess" name="Analisa mercadoria" id="id-d7251af12cd6414286df08f2455472bc"/>
    <element xsi:type="archimate:BusinessProcess" name="Atualiza sistema de estoque" id="id-6bdd3b6ce29a46f4a66c649a442c94c9"/>
    <element xsi:type="archimate:BusinessProcess" name="Armazena produtos" id="id-f4704c4f9ea243a2a8c7eff80151194d"/>
    <element xsi:type="archimate:BusinessProcess" name="Comunica a equipe" id="id-15f2597dc31d4302b8fdc44945f3e991"/>
    <element xsi:type="archimate:BusinessEvent" name="Chega a loja" id="id-f7be201f17a34020baac2a939eff81fb"/>
    <element xsi:type="archimate:BusinessProcess" name="Limpa e organiza espaço" id="id-8363e84732cb4e6b99e6ea539a2c9996"/>
    <element xsi:type="archimate:BusinessProcess" name="Prepara equipamentos" id="id-5ff11fba89224c7b92077c1865d912f5"/>
    <element xsi:type="archimate:BusinessProcess" name="Configura espositores" id="id-c3d39e2a77764b1bac70dce0800ec3b2"/>
    <element xsi:type="archimate:BusinessProcess" name="Define preços e promoções" id="id-16a4d50f7aa8435da0f27084cfecb097"/>
    <element xsi:type="archimate:BusinessProcess" name="Abre caixa" id="id-328feab189004fbcace6c84f97a25734"/>
    <element xsi:type="archimate:BusinessProcess" name="Testa pedidos e equipamentos" id="id-49ce355376a64982821dc841d75ea1ea"/>
    <element xsi:type="archimate:BusinessProcess" name="Direciona equipe" id="id-a290ad2f4a5a4217b31f18e9a0720487"/>
    <element xsi:type="archimate:BusinessProcess" name="Configura canais de pedidos" id="id-e981cfceaf5e4c0287625392971fa553"/>
    <element xsi:type="archimate:BusinessProcess" name="Anuncia abertura" id="id-0fb4cf85aa7e47e2984e79021ee31d6a"/>
    <element xsi:type="archimate:BusinessProcess" name="Recebe pedidos" id="id-cc1839d42d8042749e3d8b7a9f368aa8"/>
    <element xsi:type="archimate:BusinessProcess" name="Atende o cliente" id="id-8f9fa2a5223a42b4a0618774173cebf2"/>
    <element xsi:type="archimate:BusinessProcess" name="Registra venda" id="id-70c99f18babd4741a78b4c5dbba63440"/>
    <element xsi:type="archimate:BusinessProcess" name="Fecha caixa" id="id-11b60c2db81a4f59888ed62050728d60"/>
    <element xsi:type="archimate:BusinessProcess" name="Entrega pedido delivery" id="id-860cee667e9d4732a41387d486292905"/>
    <element xsi:type="archimate:BusinessProcess" name="Entrega pedido mesa" id="id-4a6e0727f2e84512ba12a523117a6299"/>
    <element xsi:type="archimate:BusinessProcess" name="Limpa e organiza (pós expediente)" id="id-9c0116a92fb745bd811a7f38e5ba760e"/>
    <element xsi:type="archimate:BusinessActor" name="Matriz" id="id-1b74cf6c96884f3b8591ac6433817b15"/>
    <element xsi:type="archimate:BusinessActor" name="Filial" id="id-bc917a7b8019415fb39d3755407c3bb9"/>
    <element xsi:type="archimate:BusinessActor" name="Restaurante" id="id-d51fa2a6c88c48a8806a6651368b3d14"/>
    <element xsi:type="archimate:BusinessProcess" name="Reportar à matriz" id="id-50a2e3b59408401ba9f7ec6123d5acbc"/>
    <element xsi:type="archimate:BusinessProcess" name="Controla filial" id="id-7bfaf936e666451d9194e0a403ad00e2"/>
    <element xsi:type="archimate:BusinessEvent" name="Filial envia dados" id="id-c80266259e4b4805a6b7c2039519bc7b"/>
    <element xsi:type="archimate:BusinessEvent" name="Recebe dados da filia" id="id-6bd0e81d67214e48934c7769d5e7c9a2"/>
    <element xsi:type="archimate:BusinessProcess" name="Envia relatorio de RH" id="id-51113a83106d4094a3a0b06d530c7f17"/>
    <element xsi:type="archimate:BusinessProcess" name="Envia registro de vendas e finanças" id="id-7b4d2707062642f9ac7d068b39b97a6e"/>
  </folder>
  <folder name="Application" id="id-b627cfd7eda44c8fa8c61bac36bdcd82" type="application">
    <element xsi:type="archimate:ApplicationService" name="Gera relatorio de Recursos Humanos" id="id-5b8368c653b84683a059f5ddb44357dd"/>
    <element xsi:type="archimate:ApplicationService" name="Controle de vendas e dados fincanceiros" id="id-83af70b22efb4494a0a1f6dff843fb21"/>
    <element xsi:type="archimate:ApplicationService" name="Gera relatorio de inventario e estoque " id="id-48ba45e89e324c0bbd63b835fb459507"/>
    <element xsi:type="archimate:ApplicationService" name="Solicita atualização de tecnologias" id="id-591b9e5176324637bfb8d4bd01647728"/>
    <element xsi:type="archimate:ApplicationComponent" name="Helpdesk" id="id-8462abda783f4247af770ea61c4709b5"/>
    <element xsi:type="archimate:ApplicationService" name="Solicita suporte de recursos" id="id-2afaa37775ff43899b4dfe72ffb69937"/>
    <element xsi:type="archimate:ApplicationService" name="Gera relatorio de gastos" id="id-847062d021ff4ce598c140a19f40a187"/>
    <element xsi:type="archimate:ApplicationService" name="Gera relatorio de feedback do cliente" id="id-41ed097d294a4ed38460f0caf293e78c"/>
    <element xsi:type="archimate:ApplicationComponent" name="Sistema financeiro" id="id-9f700d60e0834140a3092a60b05c7aa8"/>
    <element xsi:type="archimate:ApplicationComponent" name="Gastos com manutenção" id="id-6e83d154bf9f404cb810376b681be384"/>
    <element xsi:type="archimate:ApplicationComponent" name="Compras de mercadoria" id="id-6d18e1c2f2cd46e89bf620c4df0d49a1"/>
  </folder>
  <folder name="Technology &amp; Physical" id="id-d865c56d0d9047f9b992de78da9d5062" type="technology"/>
  <folder name="Motivation" id="id-254de95b3ce84c3e9d0873ee3b6487e8" type="motivation">
    <element xsi:type="archimate:Driver" name="Expandir o negócio" id="id-611ac251a96344a4a8b60a547eda3f8a"/>
    <element xsi:type="archimate:Goal" name="Informatizar processos" id="id-ab4760bb0feb460fb75ee358b878ce17"/>
    <element xsi:type="archimate:Goal" name="Agilizar atendimento aos clientes" id="id-fcf10ba4c4e64dba956726ef069c8a05"/>
    <element xsi:type="archimate:Goal" name="Melhorar a qualidade dos serviços" id="id-ce6afef601314fe19b7e98d03beed6e8"/>
    <element xsi:type="archimate:Goal" name="Apoiar a produção do cozinheiro" id="id-c1fe434d0de24013af7e1df9eb5271f7"/>
    <element xsi:type="archimate:Goal" name="Agilizar entrega de pedidos" id="id-543c612bc4184a6594d7f003f7b068a5"/>
    <element xsi:type="archimate:Goal" name="Documentar receitas" id="id-dfc44ee8157549b59a05da0a67d7fd94"/>
    <element xsi:type="archimate:Goal" name="Expandir equipe" id="id-a576a46175f948e3b044a8beb7a67b5e"/>
  </folder>
  <folder name="Implementation &amp; Migration" id="id-b79a34c5cecc4f12a70c7ab92bea18d5" type="implementation_migration"/>
  <folder name="Other" id="id-2594949122f145b09d6ed20286c0a25c" type="other">
    <element xsi:type="archimate:Junction" name="Junction" id="id-b0f6bc358dcc4b1eb04e9ef3ebba4bae" type="or"/>
  </folder>
  <folder name="Relations" id="id-9031ade11daf4e06ba87447658a736b9" type="relations">
    <element xsi:type="archimate:CompositionRelationship" id="id-c6eab36493c84ab59450c3857833deaa" source="id-65aa2551a90641d3a1d97f32916385a0" target="id-2ccd99eac9574a6bb4815ec7b3472521"/>
    <element xsi:type="archimate:CompositionRelationship" id="id-3ae11044d3f847f19a41edd1d37c8874" source="id-65aa2551a90641d3a1d97f32916385a0" target="id-f2a3a5620a5c450ca1f1c8e5a1927223"/>
    <element xsi:type="archimate:CompositionRelationship" id="id-e04f560fd5654f8fb477e6e019bd7dcc" source="id-65aa2551a90641d3a1d97f32916385a0" target="id-d8821219f027457bba23c7f7eb1e128c"/>
    <element xsi:type="archimate:CompositionRelationship" id="id-0f7fe60a15bb450a91905329933f2948" source="id-65aa2551a90641d3a1d97f32916385a0" target="id-7a1bad017f764637b9a0c0cb8c1ca867"/>
    <element xsi:type="archimate:CompositionRelationship" id="id-c46a8752e9f342f58708eedffcd025a0" source="id-65aa2551a90641d3a1d97f32916385a0" target="id-55dd7801dfd0462ab14bc4f94c56019b"/>
    <element xsi:type="archimate:CompositionRelationship" id="id-6b4b9be3a7e54907bc1023e3303a330e" source="id-65aa2551a90641d3a1d97f32916385a0" target="id-0eb53be573bd4be8849d71857351170c"/>
    <element xsi:type="archimate:CompositionRelationship" id="id-3c2fd315a37f4e96b6130cb343ce3e42" source="id-65aa2551a90641d3a1d97f32916385a0" target="id-309ea4caf8464ffdaa5f7ccee15c25b9"/>
    <element xsi:type="archimate:CompositionRelationship" id="id-fb6c101e9dbb490abdf7b9f8df5223dc" source="id-65aa2551a90641d3a1d97f32916385a0" target="id-6b006823a07d406fae19094ca1744354"/>
    <element xsi:type="archimate:CompositionRelationship" id="id-9567a7d79c4341038e48e16b14f63bc7" source="id-65aa2551a90641d3a1d97f32916385a0" target="id-4d81da1d0a8e4fae9a9a3373449f07bb"/>
    <element xsi:type="archimate:CompositionRelationship" id="id-5268af98d64a4c2ea3562b95906b41bb" source="id-65aa2551a90641d3a1d97f32916385a0" target="id-3117c4e80d3d4044b4aa316a88d390c2"/>
    <element xsi:type="archimate:TriggeringRelationship" id="id-85374eaaa54641189503ceebb3324d64" source="id-986b1e30e5c34acea8c3553c7eec9d4b" target="id-6b006823a07d406fae19094ca1744354"/>
    <element xsi:type="archimate:TriggeringRelationship" id="id-8e2df4c8c44f4faba8a76456e2e1961b" source="id-6b006823a07d406fae19094ca1744354" target="id-309ea4caf8464ffdaa5f7ccee15c25b9"/>
    <element xsi:type="archimate:TriggeringRelationship" id="id-d30e9a3e8de0409984f94b3eb636a376" source="id-309ea4caf8464ffdaa5f7ccee15c25b9" target="id-0eb53be573bd4be8849d71857351170c"/>
    <element xsi:type="archimate:TriggeringRelationship" id="id-27608e570e1d4d3c9d7329ddd4ed0c55" source="id-0eb53be573bd4be8849d71857351170c" target="id-55dd7801dfd0462ab14bc4f94c56019b"/>
    <element xsi:type="archimate:TriggeringRelationship" id="id-05b1c44d72e443aea97d24904eba6c2d" source="id-55dd7801dfd0462ab14bc4f94c56019b" target="id-7a1bad017f764637b9a0c0cb8c1ca867"/>
    <element xsi:type="archimate:TriggeringRelationship" id="id-24e853a67b5740d6b44e347aa05c140f" source="id-7a1bad017f764637b9a0c0cb8c1ca867" target="id-d8821219f027457bba23c7f7eb1e128c"/>
    <element xsi:type="archimate:TriggeringRelationship" id="id-8af4626087d24f4b9111a68709b25019" source="id-d8821219f027457bba23c7f7eb1e128c" target="id-2ccd99eac9574a6bb4815ec7b3472521"/>
    <element xsi:type="archimate:TriggeringRelationship" id="id-fadce3966b284715ad8fb78d335bc326" source="id-2ccd99eac9574a6bb4815ec7b3472521" target="id-b0f6bc358dcc4b1eb04e9ef3ebba4bae"/>
    <element xsi:type="archimate:TriggeringRelationship" id="id-ec8c49dffe54494bad8e858271389ef4" source="id-b0f6bc358dcc4b1eb04e9ef3ebba4bae" target="id-d9ebf7d039534a2189c406fd99b4c3d4"/>
    <element xsi:type="archimate:TriggeringRelationship" id="id-0b3e7a19da904544b4353d5a2c7a7550" source="id-b0f6bc358dcc4b1eb04e9ef3ebba4bae" target="id-f2a3a5620a5c450ca1f1c8e5a1927223"/>
    <element xsi:type="archimate:TriggeringRelationship" id="id-03eae4a8512549328acc5f09d9a7cdbd" source="id-d9ebf7d039534a2189c406fd99b4c3d4" target="id-3117c4e80d3d4044b4aa316a88d390c2"/>
    <element xsi:type="archimate:TriggeringRelationship" id="id-fac1ce23fce14a75a8029b30416b5320" source="id-f2a3a5620a5c450ca1f1c8e5a1927223" target="id-4d81da1d0a8e4fae9a9a3373449f07bb"/>
    <element xsi:type="archimate:AssignmentRelationship" id="id-4c68d8d830db489aaca25b4901863749" source="id-33ac51e2d993473e9099602383a6208e" target="id-3117c4e80d3d4044b4aa316a88d390c2"/>
    <element xsi:type="archimate:AssignmentRelationship" id="id-7975eaad8bff4dd3bceba6dd70b8898d" source="id-b459e2f8c3504ab0a5489af00b1f9577" target="id-4d81da1d0a8e4fae9a9a3373449f07bb"/>
    <element xsi:type="archimate:AssignmentRelationship" id="id-af234115f09045d3a6f88b132363e2fd" source="id-f08d9c09d4b5474e81257487d26c6b44" target="id-6b006823a07d406fae19094ca1744354"/>
    <element xsi:type="archimate:CompositionRelationship" id="id-94db5ffa11bb47168871f3dd04569a67" source="id-5827b02e346949909425c55e4535cf6c" target="id-c33a0606790d4079b782a009cfe2bdf5"/>
    <element xsi:type="archimate:CompositionRelationship" id="id-ad8949d7326941d6b1b6ff8d81f9c040" source="id-5827b02e346949909425c55e4535cf6c" target="id-35b7227de0d84b3da135688df47d5297"/>
    <element xsi:type="archimate:CompositionRelationship" id="id-547375d2191d4d00bdce042c3ecf4409" source="id-5827b02e346949909425c55e4535cf6c" target="id-b45bf5b807254c0b9ef444590f08e024"/>
    <element xsi:type="archimate:CompositionRelationship" id="id-9de7388eef1b4a7a807559782f7982fd" source="id-5827b02e346949909425c55e4535cf6c" target="id-e7b530d72b3c4f98918d8427a468eba6"/>
    <element xsi:type="archimate:CompositionRelationship" id="id-ee72a150549e40bfba35f92e82295db8" source="id-5827b02e346949909425c55e4535cf6c" target="id-3e0b0d8a731444d4a71e3f83601d7175"/>
    <element xsi:type="archimate:CompositionRelationship" id="id-2316d9f9943447ed9932717752a0a950" source="id-5827b02e346949909425c55e4535cf6c" target="id-851aa8187daf4f7584c3c7804f833cc5"/>
    <element xsi:type="archimate:TriggeringRelationship" id="id-29358118121047aabb6b8d721ccfa1ba" source="id-bef430bbaf204819956bd74c1f9f1655" target="id-35b7227de0d84b3da135688df47d5297"/>
    <element xsi:type="archimate:TriggeringRelationship" id="id-81fdc6d86e19478c994e24880b1b74bd" source="id-35b7227de0d84b3da135688df47d5297" target="id-c33a0606790d4079b782a009cfe2bdf5"/>
    <element xsi:type="archimate:TriggeringRelationship" id="id-a34bd67c09ae47a89d178a40d70905df" source="id-c33a0606790d4079b782a009cfe2bdf5" target="id-b45bf5b807254c0b9ef444590f08e024"/>
    <element xsi:type="archimate:TriggeringRelationship" id="id-45a85384a02846a4827f3afb013abfae" source="id-b45bf5b807254c0b9ef444590f08e024" target="id-e7b530d72b3c4f98918d8427a468eba6"/>
    <element xsi:type="archimate:TriggeringRelationship" id="id-3420ad2c3b234c5fbe563f259b8cd876" source="id-e7b530d72b3c4f98918d8427a468eba6" target="id-3e0b0d8a731444d4a71e3f83601d7175"/>
    <element xsi:type="archimate:TriggeringRelationship" id="id-4d39285c25cb46f39b321f07d5156328" source="id-3e0b0d8a731444d4a71e3f83601d7175" target="id-851aa8187daf4f7584c3c7804f833cc5"/>
    <element xsi:type="archimate:CompositionRelationship" id="id-f7ca6c5287a6486c847958ed813bffd7" source="id-5827b02e346949909425c55e4535cf6c" target="id-4d4542c0dad7412e8d24a676915bc2c3"/>
    <element xsi:type="archimate:TriggeringRelationship" id="id-0547a8724b914d34b6e2180547eec6d6" source="id-851aa8187daf4f7584c3c7804f833cc5" target="id-4d4542c0dad7412e8d24a676915bc2c3"/>
    <element xsi:type="archimate:CompositionRelationship" id="id-217d4b1a65574b958b129595e9430c0a" source="id-5827b02e346949909425c55e4535cf6c" target="id-06ad02a1b0a04c57a0c20c2c692801a6"/>
    <element xsi:type="archimate:CompositionRelationship" id="id-d3961a70c2ba48e9810c7a5443661f56" source="id-5827b02e346949909425c55e4535cf6c" target="id-2642af908e0a404faa5bf442dc43f44b"/>
    <element xsi:type="archimate:CompositionRelationship" id="id-0e34f6d8e33544ad9486edae83b3d324" source="id-5827b02e346949909425c55e4535cf6c" target="id-53c4d7f85f5b47b4aca525c99558e0ff"/>
    <element xsi:type="archimate:CompositionRelationship" id="id-289af0c4629e47fc81c624e3d8c84ddd" source="id-5827b02e346949909425c55e4535cf6c" target="id-d7251af12cd6414286df08f2455472bc"/>
    <element xsi:type="archimate:CompositionRelationship" id="id-6393f8676c9c4a8e8dc1071cd4a229e6" source="id-5827b02e346949909425c55e4535cf6c" target="id-6bdd3b6ce29a46f4a66c649a442c94c9"/>
    <element xsi:type="archimate:CompositionRelationship" id="id-1e9b4e2196374d8db1b531b0e4a3aa28" source="id-5827b02e346949909425c55e4535cf6c" target="id-f4704c4f9ea243a2a8c7eff80151194d"/>
    <element xsi:type="archimate:CompositionRelationship" id="id-b33be5a58e3b42048b0102a8b782a4ea" source="id-5827b02e346949909425c55e4535cf6c" target="id-15f2597dc31d4302b8fdc44945f3e991"/>
    <element xsi:type="archimate:TriggeringRelationship" id="id-8c2bebfc0f71449fa9bec0032ee92fc6" source="id-4d4542c0dad7412e8d24a676915bc2c3" target="id-06ad02a1b0a04c57a0c20c2c692801a6"/>
    <element xsi:type="archimate:TriggeringRelationship" id="id-7530d3bc746b43c88e1dc060e91abd0b" source="id-06ad02a1b0a04c57a0c20c2c692801a6" target="id-2642af908e0a404faa5bf442dc43f44b"/>
    <element xsi:type="archimate:TriggeringRelationship" id="id-8009dd2f575b46a4a1c00208540444b2" source="id-2642af908e0a404faa5bf442dc43f44b" target="id-53c4d7f85f5b47b4aca525c99558e0ff"/>
    <element xsi:type="archimate:TriggeringRelationship" id="id-187d9fd946414c348649e856c69e88bd" source="id-53c4d7f85f5b47b4aca525c99558e0ff" target="id-d7251af12cd6414286df08f2455472bc"/>
    <element xsi:type="archimate:TriggeringRelationship" id="id-303124d76c004764b228aadd543831db" source="id-d7251af12cd6414286df08f2455472bc" target="id-6bdd3b6ce29a46f4a66c649a442c94c9"/>
    <element xsi:type="archimate:TriggeringRelationship" id="id-18ea605323614cc69c0150f2bd80b770" source="id-6bdd3b6ce29a46f4a66c649a442c94c9" target="id-f4704c4f9ea243a2a8c7eff80151194d"/>
    <element xsi:type="archimate:TriggeringRelationship" id="id-63a359ec5fa345ceab96396b21e0f436" source="id-f4704c4f9ea243a2a8c7eff80151194d" target="id-15f2597dc31d4302b8fdc44945f3e991"/>
    <element xsi:type="archimate:TriggeringRelationship" id="id-fe9a911c03aa4711965be49f15c07fbc" source="id-5ff11fba89224c7b92077c1865d912f5" target="id-c3d39e2a77764b1bac70dce0800ec3b2"/>
    <element xsi:type="archimate:TriggeringRelationship" id="id-bf6536f2ec354cc29befdf81d8c389e6" source="id-c3d39e2a77764b1bac70dce0800ec3b2" target="id-16a4d50f7aa8435da0f27084cfecb097"/>
    <element xsi:type="archimate:TriggeringRelationship" id="id-2fddaa1a84a140eaba2aefa56b253611" source="id-16a4d50f7aa8435da0f27084cfecb097" target="id-328feab189004fbcace6c84f97a25734"/>
    <element xsi:type="archimate:TriggeringRelationship" id="id-b76c9146cb1b4019a40f4d10d41b9084" source="id-328feab189004fbcace6c84f97a25734" target="id-49ce355376a64982821dc841d75ea1ea"/>
    <element xsi:type="archimate:TriggeringRelationship" id="id-5c661d1ea2e04e9abfeacf6e49f90551" source="id-49ce355376a64982821dc841d75ea1ea" target="id-a290ad2f4a5a4217b31f18e9a0720487"/>
    <element xsi:type="archimate:TriggeringRelationship" id="id-5bc2404145cf4ba8910f12971a7d16fa" source="id-a290ad2f4a5a4217b31f18e9a0720487" target="id-e981cfceaf5e4c0287625392971fa553"/>
    <element xsi:type="archimate:TriggeringRelationship" id="id-a948ac185ae54e2cbd6aca5357fad609" source="id-e981cfceaf5e4c0287625392971fa553" target="id-0fb4cf85aa7e47e2984e79021ee31d6a"/>
    <element xsi:type="archimate:TriggeringRelationship" id="id-89c80e716e7a499e81c04ccc00ad7b16" source="id-0fb4cf85aa7e47e2984e79021ee31d6a" target="id-8f9fa2a5223a42b4a0618774173cebf2"/>
    <element xsi:type="archimate:TriggeringRelationship" id="id-3f8d20405feb4f2fb4f93cddf2840a71" source="id-8f9fa2a5223a42b4a0618774173cebf2" target="id-cc1839d42d8042749e3d8b7a9f368aa8"/>
    <element xsi:type="archimate:TriggeringRelationship" id="id-9fc4af7c3f8d499380d71eb58f14b4b9" source="id-cc1839d42d8042749e3d8b7a9f368aa8" target="id-65aa2551a90641d3a1d97f32916385a0"/>
    <element xsi:type="archimate:TriggeringRelationship" id="id-def5603f6559428bb0fc4599c57fb905" source="id-70c99f18babd4741a78b4c5dbba63440" target="id-11b60c2db81a4f59888ed62050728d60"/>
    <element xsi:type="archimate:TriggeringRelationship" id="id-9520c36562664aaaba796167f6c2260c" source="id-f7be201f17a34020baac2a939eff81fb" target="id-8363e84732cb4e6b99e6ea539a2c9996"/>
    <element xsi:type="archimate:SpecializationRelationship" id="id-d297d5f0584547039c0f898c6fcea570" source="id-ab4760bb0feb460fb75ee358b878ce17" target="id-c1fe434d0de24013af7e1df9eb5271f7"/>
    <element xsi:type="archimate:SpecializationRelationship" id="id-0f3cf338ab0e4802b0c871ac542c0ef3" source="id-ab4760bb0feb460fb75ee358b878ce17" target="id-543c612bc4184a6594d7f003f7b068a5"/>
    <element xsi:type="archimate:SpecializationRelationship" id="id-e146eb52912246e4ad280c45ac648f52" source="id-ab4760bb0feb460fb75ee358b878ce17" target="id-fcf10ba4c4e64dba956726ef069c8a05"/>
    <element xsi:type="archimate:InfluenceRelationship" name="++" id="id-fd4fcd82977849688227e8d5e4028948" source="id-dfc44ee8157549b59a05da0a67d7fd94" target="id-a576a46175f948e3b044a8beb7a67b5e"/>
    <element xsi:type="archimate:InfluenceRelationship" name="++" id="id-1e1d859f207f45579703f69fd5477473" source="id-a576a46175f948e3b044a8beb7a67b5e" target="id-c1fe434d0de24013af7e1df9eb5271f7"/>
    <element xsi:type="archimate:InfluenceRelationship" id="id-d8172279da7f42069bd1dc2908b97e36" source="id-c1fe434d0de24013af7e1df9eb5271f7" target="id-ce6afef601314fe19b7e98d03beed6e8"/>
    <element xsi:type="archimate:InfluenceRelationship" id="id-33b13d68ffef4a7c9342b75ae72a8558" source="id-543c612bc4184a6594d7f003f7b068a5" target="id-ce6afef601314fe19b7e98d03beed6e8"/>
    <element xsi:type="archimate:InfluenceRelationship" id="id-9650aef507104403bff8375973bea668" source="id-fcf10ba4c4e64dba956726ef069c8a05" target="id-ce6afef601314fe19b7e98d03beed6e8"/>
    <element xsi:type="archimate:InfluenceRelationship" id="id-ac7eee35575f4be3bcefecd57af58241" source="id-ce6afef601314fe19b7e98d03beed6e8" target="id-611ac251a96344a4a8b60a547eda3f8a"/>
    <element xsi:type="archimate:TriggeringRelationship" id="id-2eb2963420df469e8bab5cc4f758745d" source="id-4d81da1d0a8e4fae9a9a3373449f07bb" target="id-860cee667e9d4732a41387d486292905"/>
    <element xsi:type="archimate:TriggeringRelationship" id="id-810faa08eef9428f8ecbc2e4d72dcbca" source="id-3117c4e80d3d4044b4aa316a88d390c2" target="id-4a6e0727f2e84512ba12a523117a6299"/>
    <element xsi:type="archimate:TriggeringRelationship" id="id-5c0d356200df4e308b268f34e128ce1e" source="id-65aa2551a90641d3a1d97f32916385a0" target="id-70c99f18babd4741a78b4c5dbba63440"/>
    <element xsi:type="archimate:TriggeringRelationship" id="id-2f54c49a2d64454391f4095bdc4b582c" source="id-11b60c2db81a4f59888ed62050728d60" target="id-9c0116a92fb745bd811a7f38e5ba760e"/>
    <element xsi:type="archimate:AssociationRelationship" id="id-fa7f7df8ccde41bfb2e714efeb6adb6c" source="id-d51fa2a6c88c48a8806a6651368b3d14" target="id-8363e84732cb4e6b99e6ea539a2c9996"/>
    <element xsi:type="archimate:AssociationRelationship" id="id-a5ce6454b8934f0cafb88775254a972a" source="id-d51fa2a6c88c48a8806a6651368b3d14" target="id-49ce355376a64982821dc841d75ea1ea"/>
    <element xsi:type="archimate:AssociationRelationship" id="id-29ed295801b141f4871e8f6b5abe56fc" source="id-d51fa2a6c88c48a8806a6651368b3d14" target="id-a290ad2f4a5a4217b31f18e9a0720487"/>
    <element xsi:type="archimate:AssociationRelationship" id="id-4d6a8d33dcba45e7bf4e000b60574909" source="id-d51fa2a6c88c48a8806a6651368b3d14" target="id-5ff11fba89224c7b92077c1865d912f5"/>
    <element xsi:type="archimate:AssociationRelationship" id="id-9b6a7a778cb74914b41b188d8bda71d9" source="id-d51fa2a6c88c48a8806a6651368b3d14" target="id-c3d39e2a77764b1bac70dce0800ec3b2"/>
    <element xsi:type="archimate:AssociationRelationship" id="id-403febd10b9d4ba4be43dbde7db59406" source="id-d51fa2a6c88c48a8806a6651368b3d14" target="id-16a4d50f7aa8435da0f27084cfecb097"/>
    <element xsi:type="archimate:AssociationRelationship" id="id-459633c2909742fdbb19c37a89103611" source="id-d51fa2a6c88c48a8806a6651368b3d14" target="id-328feab189004fbcace6c84f97a25734"/>
    <element xsi:type="archimate:AssociationRelationship" id="id-ddd185e4dc4e40788e35c4ac2e3cb9bd" source="id-d51fa2a6c88c48a8806a6651368b3d14" target="id-e981cfceaf5e4c0287625392971fa553"/>
    <element xsi:type="archimate:AssociationRelationship" id="id-57139d5bd06c4a349f33a480a7f40daf" source="id-d51fa2a6c88c48a8806a6651368b3d14" target="id-0fb4cf85aa7e47e2984e79021ee31d6a"/>
    <element xsi:type="archimate:AssociationRelationship" id="id-3de337c7927e4bde8ca5cbff626848d5" source="id-d51fa2a6c88c48a8806a6651368b3d14" target="id-8f9fa2a5223a42b4a0618774173cebf2"/>
    <element xsi:type="archimate:AssociationRelationship" id="id-07da6d26ae6e477da88d9977c1126aad" source="id-d51fa2a6c88c48a8806a6651368b3d14" target="id-cc1839d42d8042749e3d8b7a9f368aa8"/>
    <element xsi:type="archimate:AssociationRelationship" id="id-0c0eedb6318d4432bb5fbb1978c2e357" source="id-d51fa2a6c88c48a8806a6651368b3d14" target="id-70c99f18babd4741a78b4c5dbba63440"/>
    <element xsi:type="archimate:AssociationRelationship" id="id-c5f306e011044f93b6b2b77c27855868" source="id-d51fa2a6c88c48a8806a6651368b3d14" target="id-11b60c2db81a4f59888ed62050728d60"/>
    <element xsi:type="archimate:AssociationRelationship" id="id-edecb12cd56140a882bd19f73e9cb6d5" source="id-d51fa2a6c88c48a8806a6651368b3d14" target="id-9c0116a92fb745bd811a7f38e5ba760e"/>
    <element xsi:type="archimate:AssociationRelationship" id="id-8f7cff01469c4df6add7b18207216b00" source="id-d51fa2a6c88c48a8806a6651368b3d14" target="id-65aa2551a90641d3a1d97f32916385a0"/>
    <element xsi:type="archimate:AssignmentRelationship" id="id-88da6bc177fe493fb90e609cfd33465f" source="id-d51fa2a6c88c48a8806a6651368b3d14" target="id-5827b02e346949909425c55e4535cf6c"/>
    <element xsi:type="archimate:TriggeringRelationship" id="id-42c70b9586234434a8f01dd2de4ba696" source="id-8363e84732cb4e6b99e6ea539a2c9996" target="id-5827b02e346949909425c55e4535cf6c"/>
    <element xsi:type="archimate:TriggeringRelationship" id="id-ad90671a180345ec9ac188040eac8a09" source="id-5827b02e346949909425c55e4535cf6c" target="id-5ff11fba89224c7b92077c1865d912f5"/>
    <element xsi:type="archimate:CompositionRelationship" id="id-cd6accc005c1476a8a258c2a8f49822f" source="id-1b74cf6c96884f3b8591ac6433817b15" target="id-d51fa2a6c88c48a8806a6651368b3d14"/>
    <element xsi:type="archimate:CompositionRelationship" id="id-8ada7859eb5f4bceaea18554b127112d" source="id-bc917a7b8019415fb39d3755407c3bb9" target="id-d51fa2a6c88c48a8806a6651368b3d14"/>
    <element xsi:type="archimate:AssignmentRelationship" id="id-e775d3b32ea246e88c2819cd08d3855b" source="id-bc917a7b8019415fb39d3755407c3bb9" target="id-50a2e3b59408401ba9f7ec6123d5acbc"/>
    <element xsi:type="archimate:ServingRelationship" id="id-7b5f2cc1aea048b2ad05de46bce9a3cb" source="id-d51fa2a6c88c48a8806a6651368b3d14" target="id-50a2e3b59408401ba9f7ec6123d5acbc"/>
    <element xsi:type="archimate:AssignmentRelationship" id="id-42fb503308f54243869273d23aceae14" source="id-1b74cf6c96884f3b8591ac6433817b15" target="id-7bfaf936e666451d9194e0a403ad00e2"/>
    <element xsi:type="archimate:TriggeringRelationship" id="id-5aadd3aeec2d4a8ea1a8751a5b00d9aa" source="id-c80266259e4b4805a6b7c2039519bc7b" target="id-7bfaf936e666451d9194e0a403ad00e2"/>
    <element xsi:type="archimate:CompositionRelationship" id="id-af898ef9a5f0428cb456e94b51698cc3" source="id-50a2e3b59408401ba9f7ec6123d5acbc" target="id-51113a83106d4094a3a0b06d530c7f17"/>
    <element xsi:type="archimate:ServingRelationship" id="id-e5d7d5780dbd46b4a28d4575adcdc25a" source="id-5b8368c653b84683a059f5ddb44357dd" target="id-51113a83106d4094a3a0b06d530c7f17"/>
    <element xsi:type="archimate:TriggeringRelationship" id="id-33478b2cb22047189879815676ca96a6" source="id-6bd0e81d67214e48934c7769d5e7c9a2" target="id-50a2e3b59408401ba9f7ec6123d5acbc"/>
    <element xsi:type="archimate:CompositionRelationship" id="id-5c93b60542d245deb2377607e4b9fa9b" source="id-50a2e3b59408401ba9f7ec6123d5acbc" target="id-7b4d2707062642f9ac7d068b39b97a6e"/>
    <element xsi:type="archimate:ServingRelationship" id="id-f916b39d0fc344fabcaeaee237ffc5e3" source="id-83af70b22efb4494a0a1f6dff843fb21" target="id-7b4d2707062642f9ac7d068b39b97a6e"/>
    <element xsi:type="archimate:RealizationRelationship" id="id-a8b552133f9b4132933557da7b37d256" source="id-8462abda783f4247af770ea61c4709b5" target="id-591b9e5176324637bfb8d4bd01647728"/>
    <element xsi:type="archimate:RealizationRelationship" id="id-186139e3a8394a3dbeda63517e1e029d" source="id-8462abda783f4247af770ea61c4709b5" target="id-2afaa37775ff43899b4dfe72ffb69937"/>
    <element xsi:type="archimate:AggregationRelationship" id="id-59521cdad9c54472852311bc5fc2fdc6" source="id-6e83d154bf9f404cb810376b681be384" target="id-9f700d60e0834140a3092a60b05c7aa8"/>
    <element xsi:type="archimate:AggregationRelationship" id="id-20247b5597974f8b9119fb0deb5c1088" source="id-9f700d60e0834140a3092a60b05c7aa8" target="id-6e83d154bf9f404cb810376b681be384"/>
    <element xsi:type="archimate:RealizationRelationship" id="id-c40e02f19bd34d6a9338407955bc6846" source="id-9f700d60e0834140a3092a60b05c7aa8" target="id-83af70b22efb4494a0a1f6dff843fb21"/>
    <element xsi:type="archimate:AggregationRelationship" id="id-7115c5cf63824780a3cc6f7371ef988d" source="id-9f700d60e0834140a3092a60b05c7aa8" target="id-6d18e1c2f2cd46e89bf620c4df0d49a1"/>
  </folder>
  <folder name="Views" id="id-ea19760f776347158894745474fc2a8e" type="diagrams">
    <folder name="Visão de Processos" id="id-6d7b78eb145744a5914686ad221f1808">
      <element xsi:type="archimate:ArchimateDiagramModel" name="Preparar Pedido" id="id-1313ef0b8c5840e89fffc84e3c65014a">
        <child xsi:type="archimate:DiagramObject" id="id-583888c4b48b462b8021f54bb48da625" archimateElement="id-65aa2551a90641d3a1d97f32916385a0">
          <bounds x="-408" y="63" width="1741" height="361"/>
          <sourceConnection xsi:type="archimate:Connection" id="id-c73b7b67b67f48499134a9b1680216f8" source="id-583888c4b48b462b8021f54bb48da625" target="id-4c12e308156748e79a29fb7d1dcc1844" archimateRelationship="id-c6eab36493c84ab59450c3857833deaa"/>
          <sourceConnection xsi:type="archimate:Connection" id="id-4749d1b7331448349da5e029bf47e097" source="id-583888c4b48b462b8021f54bb48da625" target="id-d50d5bea76414b6990c842931cd62384" archimateRelationship="id-3ae11044d3f847f19a41edd1d37c8874"/>
          <sourceConnection xsi:type="archimate:Connection" id="id-bc9b5fdbfc874f5a8c8fb6b0942d678e" source="id-583888c4b48b462b8021f54bb48da625" target="id-d9f25b3295374704a056f04308aec70a" archimateRelationship="id-e04f560fd5654f8fb477e6e019bd7dcc"/>
          <sourceConnection xsi:type="archimate:Connection" id="id-7072ba2e5de74948bd589825ccc1761c" source="id-583888c4b48b462b8021f54bb48da625" target="id-8d6208eb65124ec5a5b85012623054db" archimateRelationship="id-0f7fe60a15bb450a91905329933f2948"/>
          <sourceConnection xsi:type="archimate:Connection" id="id-d68b6aa35fcf48c3b8889bd3eb827013" source="id-583888c4b48b462b8021f54bb48da625" target="id-e9f4f5a90c6e49b9809e9e332552aca6" archimateRelationship="id-c46a8752e9f342f58708eedffcd025a0"/>
          <sourceConnection xsi:type="archimate:Connection" id="id-17034eb275f4423ba2d1cba609ab784b" source="id-583888c4b48b462b8021f54bb48da625" target="id-e4a06b5c9c4845569cc08633f4673181" archimateRelationship="id-6b4b9be3a7e54907bc1023e3303a330e"/>
          <sourceConnection xsi:type="archimate:Connection" id="id-037b07e78b22476eaf330b09d6427ee6" source="id-583888c4b48b462b8021f54bb48da625" target="id-c32a0cb2a5194328a40ca73416f58d6b" archimateRelationship="id-3c2fd315a37f4e96b6130cb343ce3e42"/>
          <sourceConnection xsi:type="archimate:Connection" id="id-1f694441fe23429bbd8ed93138850a1b" source="id-583888c4b48b462b8021f54bb48da625" target="id-63038a2eaceb43f59991b72785c15bde" archimateRelationship="id-fb6c101e9dbb490abdf7b9f8df5223dc"/>
          <sourceConnection xsi:type="archimate:Connection" id="id-b99accec340d4bb28d48266284865b25" source="id-583888c4b48b462b8021f54bb48da625" target="id-c891c2737f98495894486f894deb6aa5" archimateRelationship="id-9567a7d79c4341038e48e16b14f63bc7"/>
          <sourceConnection xsi:type="archimate:Connection" id="id-586cf511f1bc41ac973e499523ccb8e6" source="id-583888c4b48b462b8021f54bb48da625" target="id-ab2d9f63600142f7aba8d49900b34438" archimateRelationship="id-5268af98d64a4c2ea3562b95906b41bb"/>
          <child xsi:type="archimate:DiagramObject" id="id-4c12e308156748e79a29fb7d1dcc1844" targetConnections="id-c73b7b67b67f48499134a9b1680216f8 id-8cc335fb2cb848e8ac1940f110e457de" archimateElement="id-2ccd99eac9574a6bb4815ec7b3472521">
            <bounds x="1140" y="150" width="120" height="55"/>
            <sourceConnection xsi:type="archimate:Connection" id="id-04db58f327794b189b07400a9dd5b851" source="id-4c12e308156748e79a29fb7d1dcc1844" target="id-6e1a29da7e9743e8b2c73eb16a1fd253" archimateRelationship="id-fadce3966b284715ad8fb78d335bc326"/>
          </child>
          <child xsi:type="archimate:DiagramObject" id="id-d50d5bea76414b6990c842931cd62384" targetConnections="id-4749d1b7331448349da5e029bf47e097 id-40b196de59a9424ba2e276ae00104e81" archimateElement="id-f2a3a5620a5c450ca1f1c8e5a1927223">
            <bounds x="1344" y="228" width="120" height="55"/>
            <sourceConnection xsi:type="archimate:Connection" id="id-ffc22ddce28040b28e421f2dd8ebdcdd" source="id-d50d5bea76414b6990c842931cd62384" target="id-c891c2737f98495894486f894deb6aa5" archimateRelationship="id-fac1ce23fce14a75a8029b30416b5320"/>
          </child>
          <child xsi:type="archimate:DiagramObject" id="id-f7c669629b36499ca234ed2faff8ee4a" targetConnections="id-f283b74998124ff5a341422695606735" archimateElement="id-d9ebf7d039534a2189c406fd99b4c3d4">
            <bounds x="1344" y="72" width="120" height="55"/>
            <sourceConnection xsi:type="archimate:Connection" id="id-f002b8f756ee49e2b39446cdbba0fe23" source="id-f7c669629b36499ca234ed2faff8ee4a" target="id-ab2d9f63600142f7aba8d49900b34438" archimateRelationship="id-03eae4a8512549328acc5f09d9a7cdbd"/>
          </child>
          <child xsi:type="archimate:DiagramObject" id="id-d9f25b3295374704a056f04308aec70a" targetConnections="id-bc9b5fdbfc874f5a8c8fb6b0942d678e id-15204816e86546c1a2736ed7e04fa915" archimateElement="id-d8821219f027457bba23c7f7eb1e128c">
            <bounds x="960" y="150" width="120" height="55"/>
            <sourceConnection xsi:type="archimate:Connection" id="id-8cc335fb2cb848e8ac1940f110e457de" source="id-d9f25b3295374704a056f04308aec70a" target="id-4c12e308156748e79a29fb7d1dcc1844" archimateRelationship="id-8af4626087d24f4b9111a68709b25019"/>
          </child>
          <child xsi:type="archimate:DiagramObject" id="id-8d6208eb65124ec5a5b85012623054db" targetConnections="id-7072ba2e5de74948bd589825ccc1761c id-03e8d75fe4ac4b14961aab19ec33a0bf" archimateElement="id-7a1bad017f764637b9a0c0cb8c1ca867">
            <bounds x="768" y="150" width="120" height="55"/>
            <sourceConnection xsi:type="archimate:Connection" id="id-15204816e86546c1a2736ed7e04fa915" source="id-8d6208eb65124ec5a5b85012623054db" target="id-d9f25b3295374704a056f04308aec70a" archimateRelationship="id-24e853a67b5740d6b44e347aa05c140f"/>
          </child>
          <child xsi:type="archimate:DiagramObject" id="id-e9f4f5a90c6e49b9809e9e332552aca6" targetConnections="id-d68b6aa35fcf48c3b8889bd3eb827013 id-3fc8d26461b943e4b8f2cb8d06ecf5af" archimateElement="id-55dd7801dfd0462ab14bc4f94c56019b">
            <bounds x="576" y="150" width="120" height="55"/>
            <sourceConnection xsi:type="archimate:Connection" id="id-03e8d75fe4ac4b14961aab19ec33a0bf" source="id-e9f4f5a90c6e49b9809e9e332552aca6" target="id-8d6208eb65124ec5a5b85012623054db" archimateRelationship="id-05b1c44d72e443aea97d24904eba6c2d"/>
          </child>
          <child xsi:type="archimate:DiagramObject" id="id-c32a0cb2a5194328a40ca73416f58d6b" targetConnections="id-037b07e78b22476eaf330b09d6427ee6 id-b6d5879b953b412194266dfa8e5580cf" archimateElement="id-309ea4caf8464ffdaa5f7ccee15c25b9">
            <bounds x="216" y="150" width="120" height="55"/>
            <sourceConnection xsi:type="archimate:Connection" id="id-75f84a375ab6432ba13603fa40972f2c" source="id-c32a0cb2a5194328a40ca73416f58d6b" target="id-e4a06b5c9c4845569cc08633f4673181" archimateRelationship="id-d30e9a3e8de0409984f94b3eb636a376"/>
          </child>
          <child xsi:type="archimate:DiagramObject" id="id-63038a2eaceb43f59991b72785c15bde" targetConnections="id-1f694441fe23429bbd8ed93138850a1b id-e48999d473e14658beb8666d2de0e2b8 id-688263058de842ee8c285ddba53b2dcc" archimateElement="id-6b006823a07d406fae19094ca1744354">
            <bounds x="48" y="150" width="120" height="55"/>
            <sourceConnection xsi:type="archimate:Connection" id="id-b6d5879b953b412194266dfa8e5580cf" source="id-63038a2eaceb43f59991b72785c15bde" target="id-c32a0cb2a5194328a40ca73416f58d6b" archimateRelationship="id-8e2df4c8c44f4faba8a76456e2e1961b"/>
          </child>
          <child xsi:type="archimate:DiagramObject" id="id-ab2d9f63600142f7aba8d49900b34438" targetConnections="id-586cf511f1bc41ac973e499523ccb8e6 id-f002b8f756ee49e2b39446cdbba0fe23 id-0f56c11afd984dd5b003509f70feca16" archimateElement="id-3117c4e80d3d4044b4aa316a88d390c2">
            <bounds x="1536" y="72" width="120" height="55"/>
            <sourceConnection xsi:type="archimate:Connection" id="id-d8563ab6b24a43eb9ed71da1df83cbd6" source="id-ab2d9f63600142f7aba8d49900b34438" target="id-7a167585790f448e8014d32c825a5e05" archimateRelationship="id-810faa08eef9428f8ecbc2e4d72dcbca"/>
          </child>
          <child xsi:type="archimate:DiagramObject" id="id-6e1a29da7e9743e8b2c73eb16a1fd253" targetConnections="id-04db58f327794b189b07400a9dd5b851" archimateElement="id-b0f6bc358dcc4b1eb04e9ef3ebba4bae">
            <bounds x="1308" y="170" width="15" height="15"/>
            <sourceConnection xsi:type="archimate:Connection" id="id-f283b74998124ff5a341422695606735" source="id-6e1a29da7e9743e8b2c73eb16a1fd253" target="id-f7c669629b36499ca234ed2faff8ee4a" archimateRelationship="id-ec8c49dffe54494bad8e858271389ef4"/>
            <sourceConnection xsi:type="archimate:Connection" id="id-40b196de59a9424ba2e276ae00104e81" source="id-6e1a29da7e9743e8b2c73eb16a1fd253" target="id-d50d5bea76414b6990c842931cd62384" archimateRelationship="id-0b3e7a19da904544b4353d5a2c7a7550"/>
          </child>
          <child xsi:type="archimate:DiagramObject" id="id-e4a06b5c9c4845569cc08633f4673181" targetConnections="id-17034eb275f4423ba2d1cba609ab784b id-75f84a375ab6432ba13603fa40972f2c" archimateElement="id-0eb53be573bd4be8849d71857351170c">
            <bounds x="396" y="150" width="120" height="55"/>
            <sourceConnection xsi:type="archimate:Connection" id="id-3fc8d26461b943e4b8f2cb8d06ecf5af" source="id-e4a06b5c9c4845569cc08633f4673181" target="id-e9f4f5a90c6e49b9809e9e332552aca6" archimateRelationship="id-27608e570e1d4d3c9d7329ddd4ed0c55"/>
          </child>
          <child xsi:type="archimate:DiagramObject" id="id-c891c2737f98495894486f894deb6aa5" targetConnections="id-b99accec340d4bb28d48266284865b25 id-ffc22ddce28040b28e421f2dd8ebdcdd id-f612f4f53cf54127a950682e1579a577" archimateElement="id-4d81da1d0a8e4fae9a9a3373449f07bb">
            <bounds x="1536" y="228" width="120" height="55"/>
            <sourceConnection xsi:type="archimate:Connection" id="id-cd7821c8c4c44e6b8f45b82e7c88bda0" source="id-c891c2737f98495894486f894deb6aa5" target="id-62c0811176eb41f5a38d933e766fef85" archimateRelationship="id-2eb2963420df469e8bab5cc4f758745d"/>
          </child>
        </child>
        <child xsi:type="archimate:DiagramObject" id="id-c9a44acb1e9f4bfa89b4d215ef03d1e2" archimateElement="id-986b1e30e5c34acea8c3553c7eec9d4b" type="1">
          <bounds x="-564" y="216" width="120" height="55"/>
          <sourceConnection xsi:type="archimate:Connection" id="id-e48999d473e14658beb8666d2de0e2b8" source="id-c9a44acb1e9f4bfa89b4d215ef03d1e2" target="id-63038a2eaceb43f59991b72785c15bde" archimateRelationship="id-85374eaaa54641189503ceebb3324d64"/>
        </child>
        <child xsi:type="archimate:DiagramObject" id="id-244d4ceedfa14ff0b9016245ea17ca3c" archimateElement="id-b459e2f8c3504ab0a5489af00b1f9577">
          <bounds x="1140" y="468" width="120" height="55"/>
          <sourceConnection xsi:type="archimate:Connection" id="id-f612f4f53cf54127a950682e1579a577" source="id-244d4ceedfa14ff0b9016245ea17ca3c" target="id-c891c2737f98495894486f894deb6aa5" archimateRelationship="id-7975eaad8bff4dd3bceba6dd70b8898d"/>
        </child>
        <child xsi:type="archimate:DiagramObject" id="id-46f91a89b5af41fb9db45948fe8540ca" archimateElement="id-33ac51e2d993473e9099602383a6208e">
          <bounds x="1140" y="-24" width="120" height="55"/>
          <sourceConnection xsi:type="archimate:Connection" id="id-0f56c11afd984dd5b003509f70feca16" source="id-46f91a89b5af41fb9db45948fe8540ca" target="id-ab2d9f63600142f7aba8d49900b34438" archimateRelationship="id-4c68d8d830db489aaca25b4901863749"/>
        </child>
        <child xsi:type="archimate:DiagramObject" id="id-01b66b37446c4ff7a3ad85f829150206" archimateElement="id-f08d9c09d4b5474e81257487d26c6b44">
          <bounds x="-348" y="-24" width="120" height="55"/>
          <sourceConnection xsi:type="archimate:Connection" id="id-688263058de842ee8c285ddba53b2dcc" source="id-01b66b37446c4ff7a3ad85f829150206" target="id-63038a2eaceb43f59991b72785c15bde" archimateRelationship="id-af234115f09045d3a6f88b132363e2fd"/>
        </child>
        <child xsi:type="archimate:DiagramObject" id="id-7a167585790f448e8014d32c825a5e05" targetConnections="id-d8563ab6b24a43eb9ed71da1df83cbd6" archimateElement="id-4a6e0727f2e84512ba12a523117a6299">
          <bounds x="1404" y="144" width="120" height="55"/>
        </child>
        <child xsi:type="archimate:DiagramObject" id="id-62c0811176eb41f5a38d933e766fef85" targetConnections="id-cd7821c8c4c44e6b8f45b82e7c88bda0" archimateElement="id-860cee667e9d4732a41387d486292905">
          <bounds x="1404" y="288" width="120" height="55"/>
        </child>
      </element>
      <element xsi:type="archimate:ArchimateDiagramModel" name="Repor Mercadoria" id="id-3c9288693c27465288eaf584a13922c5">
        <child xsi:type="archimate:DiagramObject" id="id-7bb88247cbdf43af930d0da0e028d2da" archimateElement="id-5827b02e346949909425c55e4535cf6c">
          <bounds x="216" y="72" width="1057" height="349"/>
          <sourceConnection xsi:type="archimate:Connection" id="id-beb70cc14f6a4be59b95b4add586416d" source="id-7bb88247cbdf43af930d0da0e028d2da" target="id-37702b1e90cd430d93d08a260c56675b" archimateRelationship="id-94db5ffa11bb47168871f3dd04569a67"/>
          <sourceConnection xsi:type="archimate:Connection" id="id-bb8f0eeb94a5443da85095b792d0c617" source="id-7bb88247cbdf43af930d0da0e028d2da" target="id-797cfea86e084c798101e663fb763485" archimateRelationship="id-ad8949d7326941d6b1b6ff8d81f9c040"/>
          <sourceConnection xsi:type="archimate:Connection" id="id-483528aa69ba47c6a39086af85e30376" source="id-7bb88247cbdf43af930d0da0e028d2da" target="id-4f5d0b9777534fe9aae441755cde4efa" archimateRelationship="id-547375d2191d4d00bdce042c3ecf4409"/>
          <sourceConnection xsi:type="archimate:Connection" id="id-5648fd14348a4592b8f30cf14f18ba53" source="id-7bb88247cbdf43af930d0da0e028d2da" target="id-30c1c6c0e12f47c8803ea6778ff852b1" archimateRelationship="id-9de7388eef1b4a7a807559782f7982fd"/>
          <sourceConnection xsi:type="archimate:Connection" id="id-8b4ad1ad7bd14d899f8447d4a7c724cf" source="id-7bb88247cbdf43af930d0da0e028d2da" target="id-21b971eed0734646abaf415885f3048c" archimateRelationship="id-ee72a150549e40bfba35f92e82295db8"/>
          <sourceConnection xsi:type="archimate:Connection" id="id-a76426cc9b4b4741abf856b5efa63801" source="id-7bb88247cbdf43af930d0da0e028d2da" target="id-43012282481e40cda7dc6bcb4056a2c1" archimateRelationship="id-2316d9f9943447ed9932717752a0a950"/>
          <sourceConnection xsi:type="archimate:Connection" id="id-dfbc7924c53e4ee1a6e81808c7162e4a" source="id-7bb88247cbdf43af930d0da0e028d2da" target="id-298b3a3f2d4842c9834e1aa35210e06c" archimateRelationship="id-f7ca6c5287a6486c847958ed813bffd7"/>
          <sourceConnection xsi:type="archimate:Connection" id="id-e56c9a36a0074e64a3a932224fa4333d" source="id-7bb88247cbdf43af930d0da0e028d2da" target="id-6c0e5a70ff9e4822a0ad3995ffbef2b8" archimateRelationship="id-217d4b1a65574b958b129595e9430c0a"/>
          <sourceConnection xsi:type="archimate:Connection" id="id-78a43ce5b90343df8ce4a29a770524a6" source="id-7bb88247cbdf43af930d0da0e028d2da" target="id-ebbb2797e8934944aaf7ff6181e26176" archimateRelationship="id-d3961a70c2ba48e9810c7a5443661f56"/>
          <sourceConnection xsi:type="archimate:Connection" id="id-b1ae03a0a22b41489f42c05e2ee76e6a" source="id-7bb88247cbdf43af930d0da0e028d2da" target="id-6ec0bda3c23c446c81307b1de86ba9d9" archimateRelationship="id-0e34f6d8e33544ad9486edae83b3d324"/>
          <sourceConnection xsi:type="archimate:Connection" id="id-ac01bd3977fb4e19abf96d146cf1a5a8" source="id-7bb88247cbdf43af930d0da0e028d2da" target="id-49a7a970e02e44418b62a1dd8d490cbc" archimateRelationship="id-289af0c4629e47fc81c624e3d8c84ddd"/>
          <sourceConnection xsi:type="archimate:Connection" id="id-2fe93ee1823b42e0b9fdc92f4205d7e4" source="id-7bb88247cbdf43af930d0da0e028d2da" target="id-8421f6ee9893475796c2131bb753dcd8" archimateRelationship="id-6393f8676c9c4a8e8dc1071cd4a229e6"/>
          <sourceConnection xsi:type="archimate:Connection" id="id-264e0beb258d4a0689cd428bc04a8fdf" source="id-7bb88247cbdf43af930d0da0e028d2da" target="id-c6cbf31679ea4f7097f2fb2a8ecfb41d" archimateRelationship="id-1e9b4e2196374d8db1b531b0e4a3aa28"/>
          <sourceConnection xsi:type="archimate:Connection" id="id-8e866a68ec9f47c38fa101c5aee95048" source="id-7bb88247cbdf43af930d0da0e028d2da" target="id-d2bc8988caa5474d905723c300dfc48f" archimateRelationship="id-b33be5a58e3b42048b0102a8b782a4ea"/>
          <child xsi:type="archimate:DiagramObject" id="id-37702b1e90cd430d93d08a260c56675b" targetConnections="id-beb70cc14f6a4be59b95b4add586416d id-cf6f8873be1f412b8480aa8f37c86514" archimateElement="id-c33a0606790d4079b782a009cfe2bdf5">
            <bounds x="48" y="144" width="120" height="55"/>
            <sourceConnection xsi:type="archimate:Connection" id="id-85c584bd06ba4fe79c1b2831fc416c5e" source="id-37702b1e90cd430d93d08a260c56675b" target="id-4f5d0b9777534fe9aae441755cde4efa" archimateRelationship="id-a34bd67c09ae47a89d178a40d70905df"/>
          </child>
          <child xsi:type="archimate:DiagramObject" id="id-797cfea86e084c798101e663fb763485" targetConnections="id-bb8f0eeb94a5443da85095b792d0c617 id-50116a62cf1948d19e3ad4a7753425c1" archimateElement="id-35b7227de0d84b3da135688df47d5297">
            <bounds x="35" y="36" width="145" height="55"/>
            <sourceConnection xsi:type="archimate:Connection" id="id-cf6f8873be1f412b8480aa8f37c86514" source="id-797cfea86e084c798101e663fb763485" target="id-37702b1e90cd430d93d08a260c56675b" archimateRelationship="id-81fdc6d86e19478c994e24880b1b74bd"/>
          </child>
          <child xsi:type="archimate:DiagramObject" id="id-4f5d0b9777534fe9aae441755cde4efa" targetConnections="id-483528aa69ba47c6a39086af85e30376 id-85c584bd06ba4fe79c1b2831fc416c5e" archimateElement="id-b45bf5b807254c0b9ef444590f08e024">
            <bounds x="48" y="252" width="120" height="55"/>
            <sourceConnection xsi:type="archimate:Connection" id="id-7d64083a5d804682b30c907793549969" source="id-4f5d0b9777534fe9aae441755cde4efa" target="id-30c1c6c0e12f47c8803ea6778ff852b1" archimateRelationship="id-45a85384a02846a4827f3afb013abfae"/>
          </child>
          <child xsi:type="archimate:DiagramObject" id="id-30c1c6c0e12f47c8803ea6778ff852b1" targetConnections="id-5648fd14348a4592b8f30cf14f18ba53 id-7d64083a5d804682b30c907793549969" archimateElement="id-e7b530d72b3c4f98918d8427a468eba6">
            <bounds x="240" y="252" width="145" height="55"/>
            <sourceConnection xsi:type="archimate:Connection" id="id-b3873469a471494ba946d36abe865cbc" source="id-30c1c6c0e12f47c8803ea6778ff852b1" target="id-21b971eed0734646abaf415885f3048c" archimateRelationship="id-3420ad2c3b234c5fbe563f259b8cd876"/>
          </child>
          <child xsi:type="archimate:DiagramObject" id="id-21b971eed0734646abaf415885f3048c" targetConnections="id-8b4ad1ad7bd14d899f8447d4a7c724cf id-b3873469a471494ba946d36abe865cbc" archimateElement="id-3e0b0d8a731444d4a71e3f83601d7175">
            <bounds x="246" y="144" width="133" height="55"/>
            <sourceConnection xsi:type="archimate:Connection" id="id-f7b2da89d41c436896ecf24b01316b5d" source="id-21b971eed0734646abaf415885f3048c" target="id-43012282481e40cda7dc6bcb4056a2c1" archimateRelationship="id-4d39285c25cb46f39b321f07d5156328"/>
          </child>
          <child xsi:type="archimate:DiagramObject" id="id-43012282481e40cda7dc6bcb4056a2c1" targetConnections="id-a76426cc9b4b4741abf856b5efa63801 id-f7b2da89d41c436896ecf24b01316b5d" archimateElement="id-851aa8187daf4f7584c3c7804f833cc5">
            <bounds x="253" y="36" width="120" height="55"/>
            <sourceConnection xsi:type="archimate:Connection" id="id-fe756ec2b1fe41b182c441406bf6cf91" source="id-43012282481e40cda7dc6bcb4056a2c1" target="id-298b3a3f2d4842c9834e1aa35210e06c" archimateRelationship="id-0547a8724b914d34b6e2180547eec6d6"/>
          </child>
          <child xsi:type="archimate:DiagramObject" id="id-298b3a3f2d4842c9834e1aa35210e06c" targetConnections="id-dfbc7924c53e4ee1a6e81808c7162e4a id-fe756ec2b1fe41b182c441406bf6cf91" archimateElement="id-4d4542c0dad7412e8d24a676915bc2c3">
            <bounds x="468" y="36" width="120" height="55"/>
            <sourceConnection xsi:type="archimate:Connection" id="id-67879b16c55f4514937349ec859214f0" source="id-298b3a3f2d4842c9834e1aa35210e06c" target="id-6c0e5a70ff9e4822a0ad3995ffbef2b8" archimateRelationship="id-8c2bebfc0f71449fa9bec0032ee92fc6"/>
          </child>
          <child xsi:type="archimate:DiagramObject" id="id-6c0e5a70ff9e4822a0ad3995ffbef2b8" targetConnections="id-e56c9a36a0074e64a3a932224fa4333d id-67879b16c55f4514937349ec859214f0" archimateElement="id-06ad02a1b0a04c57a0c20c2c692801a6">
            <bounds x="468" y="144" width="120" height="55"/>
            <sourceConnection xsi:type="archimate:Connection" id="id-aca58b91e551488d84c97132fe22aa9f" source="id-6c0e5a70ff9e4822a0ad3995ffbef2b8" target="id-ebbb2797e8934944aaf7ff6181e26176" archimateRelationship="id-7530d3bc746b43c88e1dc060e91abd0b"/>
          </child>
          <child xsi:type="archimate:DiagramObject" id="id-ebbb2797e8934944aaf7ff6181e26176" targetConnections="id-78a43ce5b90343df8ce4a29a770524a6 id-aca58b91e551488d84c97132fe22aa9f" archimateElement="id-2642af908e0a404faa5bf442dc43f44b">
            <bounds x="468" y="252" width="120" height="55"/>
            <sourceConnection xsi:type="archimate:Connection" id="id-467cddeaf52c4944949ad01832510954" source="id-ebbb2797e8934944aaf7ff6181e26176" target="id-6ec0bda3c23c446c81307b1de86ba9d9" archimateRelationship="id-8009dd2f575b46a4a1c00208540444b2"/>
          </child>
          <child xsi:type="archimate:DiagramObject" id="id-6ec0bda3c23c446c81307b1de86ba9d9" targetConnections="id-b1ae03a0a22b41489f42c05e2ee76e6a id-467cddeaf52c4944949ad01832510954" archimateElement="id-53c4d7f85f5b47b4aca525c99558e0ff">
            <bounds x="672" y="252" width="120" height="55"/>
            <sourceConnection xsi:type="archimate:Connection" id="id-3e11b18e3a214608ada591c263e1802c" source="id-6ec0bda3c23c446c81307b1de86ba9d9" target="id-49a7a970e02e44418b62a1dd8d490cbc" archimateRelationship="id-187d9fd946414c348649e856c69e88bd"/>
          </child>
          <child xsi:type="archimate:DiagramObject" id="id-49a7a970e02e44418b62a1dd8d490cbc" targetConnections="id-ac01bd3977fb4e19abf96d146cf1a5a8 id-3e11b18e3a214608ada591c263e1802c" archimateElement="id-d7251af12cd6414286df08f2455472bc">
            <bounds x="672" y="144" width="120" height="55"/>
            <sourceConnection xsi:type="archimate:Connection" id="id-9630ec12f5ca4af8a1625f0114a28102" source="id-49a7a970e02e44418b62a1dd8d490cbc" target="id-8421f6ee9893475796c2131bb753dcd8" archimateRelationship="id-303124d76c004764b228aadd543831db"/>
          </child>
          <child xsi:type="archimate:DiagramObject" id="id-8421f6ee9893475796c2131bb753dcd8" targetConnections="id-2fe93ee1823b42e0b9fdc92f4205d7e4 id-9630ec12f5ca4af8a1625f0114a28102" archimateElement="id-6bdd3b6ce29a46f4a66c649a442c94c9">
            <bounds x="672" y="36" width="120" height="55"/>
            <sourceConnection xsi:type="archimate:Connection" id="id-eaf9a5ca005c43c7b37cdcf4cbcd2ac3" source="id-8421f6ee9893475796c2131bb753dcd8" target="id-c6cbf31679ea4f7097f2fb2a8ecfb41d" archimateRelationship="id-18ea605323614cc69c0150f2bd80b770"/>
          </child>
          <child xsi:type="archimate:DiagramObject" id="id-c6cbf31679ea4f7097f2fb2a8ecfb41d" targetConnections="id-264e0beb258d4a0689cd428bc04a8fdf id-eaf9a5ca005c43c7b37cdcf4cbcd2ac3" archimateElement="id-f4704c4f9ea243a2a8c7eff80151194d">
            <bounds x="888" y="36" width="120" height="55"/>
            <sourceConnection xsi:type="archimate:Connection" id="id-c1a09be999274676afaf89055f548dcf" source="id-c6cbf31679ea4f7097f2fb2a8ecfb41d" target="id-d2bc8988caa5474d905723c300dfc48f" archimateRelationship="id-63a359ec5fa345ceab96396b21e0f436"/>
          </child>
          <child xsi:type="archimate:DiagramObject" id="id-d2bc8988caa5474d905723c300dfc48f" targetConnections="id-8e866a68ec9f47c38fa101c5aee95048 id-c1a09be999274676afaf89055f548dcf" archimateElement="id-15f2597dc31d4302b8fdc44945f3e991">
            <bounds x="888" y="144" width="120" height="55"/>
          </child>
        </child>
        <child xsi:type="archimate:DiagramObject" id="id-b7e508b601f24d4fbf3c30002e50e28c" archimateElement="id-bef430bbaf204819956bd74c1f9f1655" type="1">
          <bounds x="60" y="96" width="120" height="55"/>
          <sourceConnection xsi:type="archimate:Connection" id="id-50116a62cf1948d19e3ad4a7753425c1" source="id-b7e508b601f24d4fbf3c30002e50e28c" target="id-797cfea86e084c798101e663fb763485" archimateRelationship="id-29358118121047aabb6b8d721ccfa1ba"/>
        </child>
      </element>
      <element xsi:type="archimate:ArchimateDiagramModel" name="Entrega Pedido" id="id-04eb50b034f641048f6c5ea94d2e2077">
        <child xsi:type="archimate:DiagramObject" id="id-b146dbb183414082a9c71eb3069b926b" archimateElement="id-860cee667e9d4732a41387d486292905">
          <bounds x="255" y="84" width="487" height="181"/>
        </child>
        <child xsi:type="archimate:DiagramObject" id="id-c4fed2ebe9ef4b21bef423f2a945e34a" archimateElement="id-4a6e0727f2e84512ba12a523117a6299">
          <bounds x="264" y="336" width="469" height="186"/>
        </child>
      </element>
      <element xsi:type="archimate:ArchimateDiagramModel" name="Financeiro" id="id-195c03b58d0846d2b8a05ac71fb9df06">
        <child xsi:type="archimate:DiagramObject" id="id-87c0a4f7a4cd473985ee58ea63ac4a81" archimateElement="id-328feab189004fbcace6c84f97a25734">
          <bounds x="216" y="48" width="431" height="226"/>
        </child>
        <child xsi:type="archimate:DiagramObject" id="id-974eda3de3cb4fd199efb47661be9a59" archimateElement="id-11b60c2db81a4f59888ed62050728d60">
          <bounds x="216" y="360" width="431" height="193"/>
        </child>
      </element>
    </folder>
    <folder name="Visão Motivacional" id="id-82c37d514d7c46b592fc13d361e456cf">
      <element xsi:type="archimate:ArchimateDiagramModel" name="Motivacional" id="id-960122d375c848a588f40e2a97c53270">
        <child xsi:type="archimate:DiagramObject" id="id-af26f7e7d2b246b7a5ac4d75459e8d27" targetConnections="id-4d7385172fa6415a8e8e0d6f1d724825" archimateElement="id-611ac251a96344a4a8b60a547eda3f8a">
          <bounds x="516" y="96" width="120" height="55"/>
        </child>
        <child xsi:type="archimate:DiagramObject" id="id-dd61f62efd7b40c99083bb390a821af4" archimateElement="id-ab4760bb0feb460fb75ee358b878ce17">
          <bounds x="349" y="456" width="120" height="55"/>
          <sourceConnection xsi:type="archimate:Connection" id="id-66afb495848a40a596323dfe9d6af32d" source="id-dd61f62efd7b40c99083bb390a821af4" target="id-a2d5b62e45214aa9b1b56f8776808cab" archimateRelationship="id-d297d5f0584547039c0f898c6fcea570"/>
          <sourceConnection xsi:type="archimate:Connection" id="id-dffe74a7f7bd4e0ebbf23efa64bc1d7a" source="id-dd61f62efd7b40c99083bb390a821af4" target="id-67e43afcfa1348dd976ad35bfe7e8781" archimateRelationship="id-0f3cf338ab0e4802b0c871ac542c0ef3"/>
          <sourceConnection xsi:type="archimate:Connection" id="id-514b5413a0e24d34836c7988b37acdcb" source="id-dd61f62efd7b40c99083bb390a821af4" target="id-a047650f53dc4841996b107f0e625b7e" archimateRelationship="id-e146eb52912246e4ad280c45ac648f52"/>
        </child>
        <child xsi:type="archimate:DiagramObject" id="id-a047650f53dc4841996b107f0e625b7e" targetConnections="id-514b5413a0e24d34836c7988b37acdcb" archimateElement="id-fcf10ba4c4e64dba956726ef069c8a05">
          <bounds x="180" y="336" width="120" height="55"/>
          <sourceConnection xsi:type="archimate:Connection" id="id-ea988ab0dff24b7a8618c0934b75bb29" source="id-a047650f53dc4841996b107f0e625b7e" target="id-e22c1b74d0e041fe8176ac1c948285c1" archimateRelationship="id-9650aef507104403bff8375973bea668"/>
        </child>
        <child xsi:type="archimate:DiagramObject" id="id-e22c1b74d0e041fe8176ac1c948285c1" targetConnections="id-235e4c5519444eb2b1b020ad80df9a85 id-9a78e1a112214319955a9dea465106dd id-ea988ab0dff24b7a8618c0934b75bb29" archimateElement="id-ce6afef601314fe19b7e98d03beed6e8">
          <bounds x="516" y="204" width="120" height="55"/>
          <sourceConnection xsi:type="archimate:Connection" id="id-4d7385172fa6415a8e8e0d6f1d724825" source="id-e22c1b74d0e041fe8176ac1c948285c1" target="id-af26f7e7d2b246b7a5ac4d75459e8d27" archimateRelationship="id-ac7eee35575f4be3bcefecd57af58241"/>
        </child>
        <child xsi:type="archimate:DiagramObject" id="id-a2d5b62e45214aa9b1b56f8776808cab" targetConnections="id-66afb495848a40a596323dfe9d6af32d id-c8b36a16970844d19618bb23ff3f96f7" archimateElement="id-c1fe434d0de24013af7e1df9eb5271f7">
          <bounds x="516" y="336" width="120" height="55"/>
          <sourceConnection xsi:type="archimate:Connection" id="id-235e4c5519444eb2b1b020ad80df9a85" source="id-a2d5b62e45214aa9b1b56f8776808cab" target="id-e22c1b74d0e041fe8176ac1c948285c1" archimateRelationship="id-d8172279da7f42069bd1dc2908b97e36"/>
        </child>
        <child xsi:type="archimate:DiagramObject" id="id-67e43afcfa1348dd976ad35bfe7e8781" targetConnections="id-dffe74a7f7bd4e0ebbf23efa64bc1d7a" archimateElement="id-543c612bc4184a6594d7f003f7b068a5">
          <bounds x="349" y="336" width="120" height="55"/>
          <sourceConnection xsi:type="archimate:Connection" id="id-9a78e1a112214319955a9dea465106dd" source="id-67e43afcfa1348dd976ad35bfe7e8781" target="id-e22c1b74d0e041fe8176ac1c948285c1" archimateRelationship="id-33b13d68ffef4a7c9342b75ae72a8558"/>
        </child>
        <child xsi:type="archimate:DiagramObject" id="id-493a08a9e5264474b88832ae1f7fa1aa" archimateElement="id-dfc44ee8157549b59a05da0a67d7fd94">
          <bounds x="756" y="456" width="120" height="55"/>
          <sourceConnection xsi:type="archimate:Connection" id="id-3b02ba3d803341f8a024daa79d6bcb93" source="id-493a08a9e5264474b88832ae1f7fa1aa" target="id-4be06a49a0b341bea366d80bb224247f" archimateRelationship="id-fd4fcd82977849688227e8d5e4028948"/>
        </child>
        <child xsi:type="archimate:DiagramObject" id="id-4be06a49a0b341bea366d80bb224247f" targetConnections="id-3b02ba3d803341f8a024daa79d6bcb93" archimateElement="id-a576a46175f948e3b044a8beb7a67b5e">
          <bounds x="756" y="336" width="120" height="55"/>
          <sourceConnection xsi:type="archimate:Connection" id="id-c8b36a16970844d19618bb23ff3f96f7" source="id-4be06a49a0b341bea366d80bb224247f" target="id-a2d5b62e45214aa9b1b56f8776808cab" archimateRelationship="id-1e1d859f207f45579703f69fd5477473"/>
        </child>
      </element>
    </folder>
    <folder name="Visão de Negocios " id="id-292d54b613964af6882a508cb7b09f86">
      <element xsi:type="archimate:ArchimateDiagramModel" name="Matriz" id="id-5baaf3141b884ee88a3c731fbde3db78">
        <child xsi:type="archimate:DiagramObject" id="id-081afd09e1cd44e98de80963dd852581" archimateElement="id-1b74cf6c96884f3b8591ac6433817b15">
          <bounds x="252" y="168" width="361" height="229"/>
          <sourceConnection xsi:type="archimate:Connection" id="id-ec763f6e470d4339a00ff14d983d7d69" source="id-081afd09e1cd44e98de80963dd852581" target="id-e71e2284937e40f9a75b8a5c4f5b14db" archimateRelationship="id-cd6accc005c1476a8a258c2a8f49822f"/>
          <sourceConnection xsi:type="archimate:Connection" id="id-4e90fb71aa9a4405a9c10eb0829ef70d" source="id-081afd09e1cd44e98de80963dd852581" target="id-97f824dd39f74ceea8b9a1855bd3cef5" archimateRelationship="id-42fb503308f54243869273d23aceae14"/>
          <child xsi:type="archimate:DiagramObject" id="id-e71e2284937e40f9a75b8a5c4f5b14db" targetConnections="id-ec763f6e470d4339a00ff14d983d7d69" archimateElement="id-d51fa2a6c88c48a8806a6651368b3d14">
            <bounds x="108" y="48" width="120" height="55"/>
          </child>
          <child xsi:type="archimate:DiagramObject" id="id-97f824dd39f74ceea8b9a1855bd3cef5" targetConnections="id-4e90fb71aa9a4405a9c10eb0829ef70d id-c590013560d743d19f8614a9d8f89564" archimateElement="id-7bfaf936e666451d9194e0a403ad00e2">
            <bounds x="108" y="144" width="120" height="55"/>
          </child>
        </child>
        <child xsi:type="archimate:DiagramObject" id="id-74660900f1ef4dfc941083250fdf4305" archimateElement="id-c80266259e4b4805a6b7c2039519bc7b" type="1">
          <bounds x="108" y="312" width="120" height="55"/>
          <sourceConnection xsi:type="archimate:Connection" id="id-c590013560d743d19f8614a9d8f89564" source="id-74660900f1ef4dfc941083250fdf4305" target="id-97f824dd39f74ceea8b9a1855bd3cef5" archimateRelationship="id-5aadd3aeec2d4a8ea1a8751a5b00d9aa"/>
        </child>
      </element>
      <element xsi:type="archimate:ArchimateDiagramModel" name="Filial" id="id-e00c3bb247004d5f81884bfe5f374d06">
        <child xsi:type="archimate:DiagramObject" id="id-5d071d6dcf4a47e282f7a361cb409b00" archimateElement="id-bc917a7b8019415fb39d3755407c3bb9">
          <bounds x="288" y="132" width="385" height="169"/>
          <sourceConnection xsi:type="archimate:Connection" id="id-4219841cc1b54d68a56a89dd3accdfe4" source="id-5d071d6dcf4a47e282f7a361cb409b00" target="id-48b575b50abd49f68efc69462edf88dd" archimateRelationship="id-8ada7859eb5f4bceaea18554b127112d"/>
          <sourceConnection xsi:type="archimate:Connection" id="id-5c9131afc75a4f84ad1182caec428d6b" source="id-5d071d6dcf4a47e282f7a361cb409b00" target="id-3c9c210100d04ffa86707f106590e05a" archimateRelationship="id-e775d3b32ea246e88c2819cd08d3855b"/>
          <child xsi:type="archimate:DiagramObject" id="id-48b575b50abd49f68efc69462edf88dd" targetConnections="id-4219841cc1b54d68a56a89dd3accdfe4" archimateElement="id-d51fa2a6c88c48a8806a6651368b3d14">
            <bounds x="36" y="60" width="120" height="55"/>
            <sourceConnection xsi:type="archimate:Connection" id="id-e9d6e24175a144e68f022721da99218d" source="id-48b575b50abd49f68efc69462edf88dd" target="id-3c9c210100d04ffa86707f106590e05a" archimateRelationship="id-7b5f2cc1aea048b2ad05de46bce9a3cb"/>
          </child>
          <child xsi:type="archimate:DiagramObject" id="id-3c9c210100d04ffa86707f106590e05a" targetConnections="id-5c9131afc75a4f84ad1182caec428d6b id-e9d6e24175a144e68f022721da99218d" archimateElement="id-50a2e3b59408401ba9f7ec6123d5acbc">
            <bounds x="240" y="60" width="120" height="55"/>
          </child>
        </child>
      </element>
      <element xsi:type="archimate:ArchimateDiagramModel" name="Restaurante" id="id-035e241d0fcd41c28d5b60ba4779904b">
        <child xsi:type="archimate:DiagramObject" id="id-3f48e8802eca47519036db7744b8f08c" archimateElement="id-d51fa2a6c88c48a8806a6651368b3d14">
          <bounds x="216" y="156" width="1081" height="313"/>
          <sourceConnection xsi:type="archimate:Connection" id="id-819cf68701c54d35aafdcc4c861b2197" source="id-3f48e8802eca47519036db7744b8f08c" target="id-72ec1477c6114a2c8b0c5c7b208fc116" archimateRelationship="id-fa7f7df8ccde41bfb2e714efeb6adb6c"/>
          <sourceConnection xsi:type="archimate:Connection" id="id-cf1b88349dea42939a66be02fe26df2f" source="id-3f48e8802eca47519036db7744b8f08c" target="id-3e72bb94e7b5460ba857288f8845dbdb" archimateRelationship="id-a5ce6454b8934f0cafb88775254a972a"/>
          <sourceConnection xsi:type="archimate:Connection" id="id-40b00c2b312d49a5b2303847098915d0" source="id-3f48e8802eca47519036db7744b8f08c" target="id-20413404d7564b99a30c687870105306" archimateRelationship="id-29ed295801b141f4871e8f6b5abe56fc"/>
          <sourceConnection xsi:type="archimate:Connection" id="id-aff6ec5d16a246a99a0e5f657445b9eb" source="id-3f48e8802eca47519036db7744b8f08c" target="id-7492293d4b12407a83136ab4f9dc2d84" archimateRelationship="id-4d6a8d33dcba45e7bf4e000b60574909"/>
          <sourceConnection xsi:type="archimate:Connection" id="id-f4f1b1d0b61a4ff69aad94ff360f6aac" source="id-3f48e8802eca47519036db7744b8f08c" target="id-c83b314d2ff0415695f4a1fc02a30f85" archimateRelationship="id-9b6a7a778cb74914b41b188d8bda71d9"/>
          <sourceConnection xsi:type="archimate:Connection" id="id-3b61e49a25f346cd9278d578c60f2fae" source="id-3f48e8802eca47519036db7744b8f08c" target="id-0f781809221b41e19305c37d83451142" archimateRelationship="id-403febd10b9d4ba4be43dbde7db59406"/>
          <sourceConnection xsi:type="archimate:Connection" id="id-f1a19954b53546b7ab0aa26530be50d7" source="id-3f48e8802eca47519036db7744b8f08c" target="id-c907298932f04cfda7d34fcc3973e8ee" archimateRelationship="id-459633c2909742fdbb19c37a89103611"/>
          <sourceConnection xsi:type="archimate:Connection" id="id-e1be4036f200474093fe79b4759a2a04" source="id-3f48e8802eca47519036db7744b8f08c" target="id-22bfb1b8e6b740bf84d5092ae3f1d3a6" archimateRelationship="id-ddd185e4dc4e40788e35c4ac2e3cb9bd"/>
          <sourceConnection xsi:type="archimate:Connection" id="id-df67356a581c4c27b653b6d03e8e9831" source="id-3f48e8802eca47519036db7744b8f08c" target="id-5e78fb9af4e34e3da00351816ba0488a" archimateRelationship="id-57139d5bd06c4a349f33a480a7f40daf"/>
          <sourceConnection xsi:type="archimate:Connection" id="id-5d166178828040b595b887e6661e282a" source="id-3f48e8802eca47519036db7744b8f08c" target="id-4728eeabe23d4d9aa208d85f39a57e86" archimateRelationship="id-3de337c7927e4bde8ca5cbff626848d5"/>
          <sourceConnection xsi:type="archimate:Connection" id="id-fca4ae9a620b4a7b8821fef63f1223a8" source="id-3f48e8802eca47519036db7744b8f08c" target="id-6fec6d7eed3045f7bccade612ff99db1" archimateRelationship="id-07da6d26ae6e477da88d9977c1126aad"/>
          <sourceConnection xsi:type="archimate:Connection" id="id-28e29b5febf142efb8474eab72c05439" source="id-3f48e8802eca47519036db7744b8f08c" target="id-917051db51a2415996a9657270396aa6" archimateRelationship="id-0c0eedb6318d4432bb5fbb1978c2e357"/>
          <sourceConnection xsi:type="archimate:Connection" id="id-9632cba0023d46db9948e981468ecf98" source="id-3f48e8802eca47519036db7744b8f08c" target="id-4fc2b514716d4f15ab6a3dc85ab0b956" archimateRelationship="id-c5f306e011044f93b6b2b77c27855868"/>
          <sourceConnection xsi:type="archimate:Connection" id="id-aa0f4c6e9ba642c692bf7f258cbf4017" source="id-3f48e8802eca47519036db7744b8f08c" target="id-cbdfe8b46aec43a0b3170baffa2fa99c" archimateRelationship="id-edecb12cd56140a882bd19f73e9cb6d5"/>
          <sourceConnection xsi:type="archimate:Connection" id="id-b40b2097a1f24d75859efe3a8942b3f6" source="id-3f48e8802eca47519036db7744b8f08c" target="id-109a9553a79b4977b5685315c4059bfb" archimateRelationship="id-8f7cff01469c4df6add7b18207216b00"/>
          <sourceConnection xsi:type="archimate:Connection" id="id-eb5624ee2849489aa61a886baa8c6f08" source="id-3f48e8802eca47519036db7744b8f08c" target="id-b1dd35b8ceb44ecdb080381e98f79a6d" archimateRelationship="id-88da6bc177fe493fb90e609cfd33465f"/>
          <child xsi:type="archimate:DiagramObject" id="id-72ec1477c6114a2c8b0c5c7b208fc116" targetConnections="id-7c1bd06735b54263a2d2142094730e1e id-819cf68701c54d35aafdcc4c861b2197" archimateElement="id-8363e84732cb4e6b99e6ea539a2c9996">
            <bounds x="36" y="36" width="120" height="55"/>
            <sourceConnection xsi:type="archimate:Connection" id="id-82100739ef3f4de2937abdbf076f0505" source="id-72ec1477c6114a2c8b0c5c7b208fc116" target="id-b1dd35b8ceb44ecdb080381e98f79a6d" archimateRelationship="id-42c70b9586234434a8f01dd2de4ba696"/>
          </child>
          <child xsi:type="archimate:DiagramObject" id="id-20413404d7564b99a30c687870105306" targetConnections="id-231438a92bde4e2b8d20ee8c0c48bd09 id-40b00c2b312d49a5b2303847098915d0" archimateElement="id-a290ad2f4a5a4217b31f18e9a0720487">
            <bounds x="408" y="132" width="120" height="55"/>
            <sourceConnection xsi:type="archimate:Connection" id="id-e332c82264774a5da975dded3291fa7e" source="id-20413404d7564b99a30c687870105306" target="id-22bfb1b8e6b740bf84d5092ae3f1d3a6" archimateRelationship="id-5bc2404145cf4ba8910f12971a7d16fa"/>
          </child>
          <child xsi:type="archimate:DiagramObject" id="id-7492293d4b12407a83136ab4f9dc2d84" targetConnections="id-aff6ec5d16a246a99a0e5f657445b9eb id-509ef8ec3323449a8a543fe849f6c8a3" archimateElement="id-5ff11fba89224c7b92077c1865d912f5">
            <bounds x="36" y="216" width="120" height="55"/>
            <sourceConnection xsi:type="archimate:Connection" id="id-0583ba3659514c3db67ce165d6da9909" source="id-7492293d4b12407a83136ab4f9dc2d84" target="id-c83b314d2ff0415695f4a1fc02a30f85" archimateRelationship="id-fe9a911c03aa4711965be49f15c07fbc"/>
          </child>
          <child xsi:type="archimate:DiagramObject" id="id-c83b314d2ff0415695f4a1fc02a30f85" targetConnections="id-0583ba3659514c3db67ce165d6da9909 id-f4f1b1d0b61a4ff69aad94ff360f6aac" archimateElement="id-c3d39e2a77764b1bac70dce0800ec3b2">
            <bounds x="228" y="216" width="120" height="55"/>
            <sourceConnection xsi:type="archimate:Connection" id="id-12914ffc8be84271938296c95176ad08" source="id-c83b314d2ff0415695f4a1fc02a30f85" target="id-0f781809221b41e19305c37d83451142" archimateRelationship="id-bf6536f2ec354cc29befdf81d8c389e6"/>
          </child>
          <child xsi:type="archimate:DiagramObject" id="id-0f781809221b41e19305c37d83451142" targetConnections="id-12914ffc8be84271938296c95176ad08 id-3b61e49a25f346cd9278d578c60f2fae" archimateElement="id-16a4d50f7aa8435da0f27084cfecb097">
            <bounds x="228" y="132" width="120" height="55"/>
            <sourceConnection xsi:type="archimate:Connection" id="id-4e9401c341854503912aaccc943d7548" source="id-0f781809221b41e19305c37d83451142" target="id-c907298932f04cfda7d34fcc3973e8ee" archimateRelationship="id-2fddaa1a84a140eaba2aefa56b253611"/>
          </child>
          <child xsi:type="archimate:DiagramObject" id="id-c907298932f04cfda7d34fcc3973e8ee" targetConnections="id-4e9401c341854503912aaccc943d7548 id-f1a19954b53546b7ab0aa26530be50d7" archimateElement="id-328feab189004fbcace6c84f97a25734">
            <bounds x="228" y="48" width="120" height="55"/>
            <sourceConnection xsi:type="archimate:Connection" id="id-7d2e992f6ec14b5aa8fdadc20f71eeaa" source="id-c907298932f04cfda7d34fcc3973e8ee" target="id-3e72bb94e7b5460ba857288f8845dbdb" archimateRelationship="id-b76c9146cb1b4019a40f4d10d41b9084"/>
          </child>
          <child xsi:type="archimate:DiagramObject" id="id-3e72bb94e7b5460ba857288f8845dbdb" targetConnections="id-7d2e992f6ec14b5aa8fdadc20f71eeaa id-cf1b88349dea42939a66be02fe26df2f" archimateElement="id-49ce355376a64982821dc841d75ea1ea">
            <bounds x="408" y="48" width="120" height="55"/>
            <sourceConnection xsi:type="archimate:Connection" id="id-231438a92bde4e2b8d20ee8c0c48bd09" source="id-3e72bb94e7b5460ba857288f8845dbdb" target="id-20413404d7564b99a30c687870105306" archimateRelationship="id-5c661d1ea2e04e9abfeacf6e49f90551"/>
          </child>
          <child xsi:type="archimate:DiagramObject" id="id-22bfb1b8e6b740bf84d5092ae3f1d3a6" targetConnections="id-e332c82264774a5da975dded3291fa7e id-e1be4036f200474093fe79b4759a2a04" archimateElement="id-e981cfceaf5e4c0287625392971fa553">
            <bounds x="408" y="216" width="120" height="55"/>
            <sourceConnection xsi:type="archimate:Connection" id="id-4508a8c1619f4e1eaa8d31b058eea283" source="id-22bfb1b8e6b740bf84d5092ae3f1d3a6" target="id-5e78fb9af4e34e3da00351816ba0488a" archimateRelationship="id-a948ac185ae54e2cbd6aca5357fad609"/>
          </child>
          <child xsi:type="archimate:DiagramObject" id="id-5e78fb9af4e34e3da00351816ba0488a" targetConnections="id-4508a8c1619f4e1eaa8d31b058eea283 id-df67356a581c4c27b653b6d03e8e9831" archimateElement="id-0fb4cf85aa7e47e2984e79021ee31d6a">
            <bounds x="588" y="216" width="120" height="55"/>
            <sourceConnection xsi:type="archimate:Connection" id="id-3b9a1467e9814c0185030a1fa506b6e5" source="id-5e78fb9af4e34e3da00351816ba0488a" target="id-4728eeabe23d4d9aa208d85f39a57e86" archimateRelationship="id-89c80e716e7a499e81c04ccc00ad7b16"/>
          </child>
          <child xsi:type="archimate:DiagramObject" id="id-4728eeabe23d4d9aa208d85f39a57e86" targetConnections="id-3b9a1467e9814c0185030a1fa506b6e5 id-5d166178828040b595b887e6661e282a" archimateElement="id-8f9fa2a5223a42b4a0618774173cebf2">
            <bounds x="588" y="132" width="120" height="55"/>
            <sourceConnection xsi:type="archimate:Connection" id="id-928df242f7a143c7bea048c67ef06679" source="id-4728eeabe23d4d9aa208d85f39a57e86" target="id-6fec6d7eed3045f7bccade612ff99db1" archimateRelationship="id-3f8d20405feb4f2fb4f93cddf2840a71"/>
          </child>
          <child xsi:type="archimate:DiagramObject" id="id-6fec6d7eed3045f7bccade612ff99db1" targetConnections="id-928df242f7a143c7bea048c67ef06679 id-fca4ae9a620b4a7b8821fef63f1223a8" archimateElement="id-cc1839d42d8042749e3d8b7a9f368aa8">
            <bounds x="588" y="48" width="120" height="55"/>
            <sourceConnection xsi:type="archimate:Connection" id="id-10f8215cf00c4c5185a6432132743e30" source="id-6fec6d7eed3045f7bccade612ff99db1" target="id-109a9553a79b4977b5685315c4059bfb" archimateRelationship="id-9fc4af7c3f8d499380d71eb58f14b4b9"/>
          </child>
          <child xsi:type="archimate:DiagramObject" id="id-4fc2b514716d4f15ab6a3dc85ab0b956" targetConnections="id-3a52d05318b74c8e9325edc44c020de5 id-9632cba0023d46db9948e981468ecf98" archimateElement="id-11b60c2db81a4f59888ed62050728d60">
            <bounds x="768" y="216" width="120" height="55"/>
            <sourceConnection xsi:type="archimate:Connection" id="id-ab8ecfeda24b4067b6efbeebc117a037" source="id-4fc2b514716d4f15ab6a3dc85ab0b956" target="id-cbdfe8b46aec43a0b3170baffa2fa99c" archimateRelationship="id-2f54c49a2d64454391f4095bdc4b582c"/>
          </child>
          <child xsi:type="archimate:DiagramObject" id="id-917051db51a2415996a9657270396aa6" targetConnections="id-1851be799b1c4f6d82ab48df3f086689 id-28e29b5febf142efb8474eab72c05439" archimateElement="id-70c99f18babd4741a78b4c5dbba63440">
            <bounds x="768" y="132" width="120" height="55"/>
            <sourceConnection xsi:type="archimate:Connection" id="id-3a52d05318b74c8e9325edc44c020de5" source="id-917051db51a2415996a9657270396aa6" target="id-4fc2b514716d4f15ab6a3dc85ab0b956" archimateRelationship="id-def5603f6559428bb0fc4599c57fb905"/>
          </child>
          <child xsi:type="archimate:DiagramObject" id="id-cbdfe8b46aec43a0b3170baffa2fa99c" targetConnections="id-ab8ecfeda24b4067b6efbeebc117a037 id-aa0f4c6e9ba642c692bf7f258cbf4017" archimateElement="id-9c0116a92fb745bd811a7f38e5ba760e">
            <bounds x="936" y="132" width="120" height="55"/>
          </child>
          <child xsi:type="archimate:DiagramObject" id="id-109a9553a79b4977b5685315c4059bfb" targetConnections="id-10f8215cf00c4c5185a6432132743e30 id-b40b2097a1f24d75859efe3a8942b3f6" archimateElement="id-65aa2551a90641d3a1d97f32916385a0">
            <bounds x="768" y="48" width="120" height="55"/>
            <sourceConnection xsi:type="archimate:Connection" id="id-1851be799b1c4f6d82ab48df3f086689" source="id-109a9553a79b4977b5685315c4059bfb" target="id-917051db51a2415996a9657270396aa6" archimateRelationship="id-5c0d356200df4e308b268f34e128ce1e"/>
          </child>
          <child xsi:type="archimate:DiagramObject" id="id-b1dd35b8ceb44ecdb080381e98f79a6d" targetConnections="id-eb5624ee2849489aa61a886baa8c6f08 id-82100739ef3f4de2937abdbf076f0505" archimateElement="id-5827b02e346949909425c55e4535cf6c">
            <bounds x="36" y="132" width="120" height="55"/>
            <sourceConnection xsi:type="archimate:Connection" id="id-509ef8ec3323449a8a543fe849f6c8a3" source="id-b1dd35b8ceb44ecdb080381e98f79a6d" target="id-7492293d4b12407a83136ab4f9dc2d84" archimateRelationship="id-ad90671a180345ec9ac188040eac8a09"/>
          </child>
        </child>
        <child xsi:type="archimate:DiagramObject" id="id-60ac2763942a47d68999577fbd3cfab2" archimateElement="id-f7be201f17a34020baac2a939eff81fb" type="1">
          <bounds x="12" y="192" width="120" height="55"/>
          <sourceConnection xsi:type="archimate:Connection" id="id-7c1bd06735b54263a2d2142094730e1e" source="id-60ac2763942a47d68999577fbd3cfab2" target="id-72ec1477c6114a2c8b0c5c7b208fc116" archimateRelationship="id-9520c36562664aaaba796167f6c2260c"/>
        </child>
      </element>
      <element xsi:type="archimate:ArchimateDiagramModel" name="Controla filial" id="id-d635dc9b7e184622820cefeb5a3d9199">
        <child xsi:type="archimate:Group" id="id-1e92f3038e624d538fd30af88027e741" name="Processos de negócio" textAlignment="1">
          <bounds x="228" y="84" width="685" height="361"/>
          <child xsi:type="archimate:DiagramObject" id="id-fdafc8677a43448d9f57243fabc42fbe" archimateElement="id-7bfaf936e666451d9194e0a403ad00e2">
            <bounds x="48" y="84" width="517" height="205"/>
          </child>
        </child>
        <child xsi:type="archimate:Group" id="id-c2fbabe7d2e5440db05a31d13334d1de" name="Serviços da aplicação" textAlignment="1">
          <bounds x="228" y="480" width="673" height="289"/>
        </child>
      </element>
      <element xsi:type="archimate:ArchimateDiagramModel" name="Reportar a matriz" id="id-0800cf4be60044409890a332ec4db6e9">
        <child xsi:type="archimate:Group" id="id-457ea7ccadec451c99f0a1687032913f" name="Serviços da aplicação" textAlignment="1">
          <bounds x="288" y="456" width="1033" height="229"/>
          <child xsi:type="archimate:DiagramObject" id="id-60579c9f10d24ff5aa048dc667aea3fb" archimateElement="id-5b8368c653b84683a059f5ddb44357dd" type="1">
            <bounds x="36" y="96" width="120" height="55"/>
            <sourceConnection xsi:type="archimate:Connection" id="id-8e51b898826b473eb40931a7fac77744" source="id-60579c9f10d24ff5aa048dc667aea3fb" target="id-3b95524b127546f7883dbc3ed67efc5f" archimateRelationship="id-e5d7d5780dbd46b4a28d4575adcdc25a"/>
          </child>
          <child xsi:type="archimate:DiagramObject" id="id-439e0df9e240496896392250e9c506c5" targetConnections="id-e89178fc671d414abb11f80a51af51b5" archimateElement="id-83af70b22efb4494a0a1f6dff843fb21" type="1">
            <bounds x="180" y="96" width="120" height="55"/>
            <sourceConnection xsi:type="archimate:Connection" id="id-ba068b5419d040f38b516bddd514a90f" source="id-439e0df9e240496896392250e9c506c5" target="id-2bea0e71d3a84b24a3931cefa6bb0802" archimateRelationship="id-f916b39d0fc344fabcaeaee237ffc5e3"/>
          </child>
          <child xsi:type="archimate:DiagramObject" id="id-ce16f07a8ddd4066a2d7b45fa1f51d30" archimateElement="id-48ba45e89e324c0bbd63b835fb459507" type="1">
            <bounds x="324" y="96" width="120" height="55"/>
          </child>
          <child xsi:type="archimate:DiagramObject" id="id-55785f0f6c464724bdf59287de144d80" targetConnections="id-62a4edbf64ab477d8c07176b5f997a7c" archimateElement="id-591b9e5176324637bfb8d4bd01647728" type="1">
            <bounds x="588" y="96" width="120" height="55"/>
          </child>
          <child xsi:type="archimate:DiagramObject" id="id-9639b2a983d543fc8ac664f995336ac3" targetConnections="id-d37eaed2e8774799925b4b59cc21ddb6" archimateElement="id-2afaa37775ff43899b4dfe72ffb69937" type="1">
            <bounds x="744" y="96" width="120" height="55"/>
          </child>
          <child xsi:type="archimate:DiagramObject" id="id-cbeb4069d16646c7bf966fb8583de89c" archimateElement="id-41ed097d294a4ed38460f0caf293e78c" type="1">
            <bounds x="456" y="96" width="120" height="55"/>
          </child>
        </child>
        <child xsi:type="archimate:Group" id="id-9a86bbd8a3574e5d8df97bed296d6f12" name="Processos de negócio" textAlignment="1">
          <bounds x="288" y="84" width="841" height="337"/>
          <child xsi:type="archimate:DiagramObject" id="id-d5eb1f0c0f424973af459f1434a17fd6" targetConnections="id-041ace2e1cf34a2e9560b09e20fbb830" archimateElement="id-50a2e3b59408401ba9f7ec6123d5acbc">
            <bounds x="36" y="48" width="757" height="229"/>
            <sourceConnection xsi:type="archimate:Connection" id="id-5572cbfad1744f968ecda1af22134494" source="id-d5eb1f0c0f424973af459f1434a17fd6" target="id-3b95524b127546f7883dbc3ed67efc5f" archimateRelationship="id-af898ef9a5f0428cb456e94b51698cc3"/>
            <sourceConnection xsi:type="archimate:Connection" id="id-0564e8ba999c4711b781cee5c863fe9a" source="id-d5eb1f0c0f424973af459f1434a17fd6" target="id-2bea0e71d3a84b24a3931cefa6bb0802" archimateRelationship="id-5c93b60542d245deb2377607e4b9fa9b"/>
            <child xsi:type="archimate:DiagramObject" id="id-3b95524b127546f7883dbc3ed67efc5f" targetConnections="id-8e51b898826b473eb40931a7fac77744 id-5572cbfad1744f968ecda1af22134494" archimateElement="id-51113a83106d4094a3a0b06d530c7f17">
              <bounds x="48" y="72" width="120" height="55"/>
            </child>
            <child xsi:type="archimate:DiagramObject" id="id-2bea0e71d3a84b24a3931cefa6bb0802" targetConnections="id-0564e8ba999c4711b781cee5c863fe9a id-ba068b5419d040f38b516bddd514a90f" archimateElement="id-7b4d2707062642f9ac7d068b39b97a6e">
              <bounds x="204" y="72" width="120" height="55"/>
            </child>
          </child>
        </child>
        <child xsi:type="archimate:DiagramObject" id="id-1c1eed51ceaa4b94bfa0ef97c5965259" archimateElement="id-6bd0e81d67214e48934c7769d5e7c9a2" type="1">
          <bounds x="108" y="204" width="120" height="55"/>
          <sourceConnection xsi:type="archimate:Connection" id="id-041ace2e1cf34a2e9560b09e20fbb830" source="id-1c1eed51ceaa4b94bfa0ef97c5965259" target="id-d5eb1f0c0f424973af459f1434a17fd6" archimateRelationship="id-33478b2cb22047189879815676ca96a6"/>
        </child>
        <child xsi:type="archimate:Group" id="id-655cb5bca00549d5ad632e8647fb0f65" name="Componentes da aplicação" textAlignment="1">
          <bounds x="288" y="708" width="841" height="301"/>
          <child xsi:type="archimate:DiagramObject" id="id-f6d6bd9e20974040941a5c6f6669409d" archimateElement="id-8462abda783f4247af770ea61c4709b5" type="1">
            <bounds x="624" y="84" width="120" height="55"/>
            <sourceConnection xsi:type="archimate:Connection" id="id-62a4edbf64ab477d8c07176b5f997a7c" source="id-f6d6bd9e20974040941a5c6f6669409d" target="id-55785f0f6c464724bdf59287de144d80" archimateRelationship="id-a8b552133f9b4132933557da7b37d256"/>
            <sourceConnection xsi:type="archimate:Connection" id="id-d37eaed2e8774799925b4b59cc21ddb6" source="id-f6d6bd9e20974040941a5c6f6669409d" target="id-9639b2a983d543fc8ac664f995336ac3" archimateRelationship="id-186139e3a8394a3dbeda63517e1e029d"/>
          </child>
          <child xsi:type="archimate:DiagramObject" id="id-8e2d074d18ce4317847fa1f14a437232" archimateElement="id-9f700d60e0834140a3092a60b05c7aa8" type="1">
            <bounds x="132" y="60" width="120" height="55"/>
            <sourceConnection xsi:type="archimate:Connection" id="id-d2e42f88dbaa48fca37b51f5778a205f" source="id-8e2d074d18ce4317847fa1f14a437232" target="id-43b206d465ea41d594ab9feaf8cc20d0" archimateRelationship="id-20247b5597974f8b9119fb0deb5c1088"/>
            <sourceConnection xsi:type="archimate:Connection" id="id-e89178fc671d414abb11f80a51af51b5" source="id-8e2d074d18ce4317847fa1f14a437232" target="id-439e0df9e240496896392250e9c506c5" archimateRelationship="id-c40e02f19bd34d6a9338407955bc6846"/>
            <sourceConnection xsi:type="archimate:Connection" id="id-418786cd1c594253a8643ace2c95ec57" source="id-8e2d074d18ce4317847fa1f14a437232" target="id-7b14801181ef4b068a9d1f96c493894c" archimateRelationship="id-7115c5cf63824780a3cc6f7371ef988d"/>
          </child>
          <child xsi:type="archimate:DiagramObject" id="id-43b206d465ea41d594ab9feaf8cc20d0" targetConnections="id-d2e42f88dbaa48fca37b51f5778a205f" archimateElement="id-6e83d154bf9f404cb810376b681be384" type="1">
            <bounds x="60" y="180" width="120" height="55"/>
          </child>
          <child xsi:type="archimate:DiagramObject" id="id-7b14801181ef4b068a9d1f96c493894c" targetConnections="id-418786cd1c594253a8643ace2c95ec57" archimateElement="id-6d18e1c2f2cd46e89bf620c4df0d49a1" type="1">
            <bounds x="216" y="180" width="120" height="55"/>
          </child>
        </child>
      </element>
    </folder>
  </folder>
</archimate:model>
