<?xml version="1.0" encoding="UTF-8"?>
<archimate:model xmlns:xsi="http://www.w3.org/2001/XMLSchema-instance" xmlns:archimate="http://www.archimatetool.com/archimate" name="Estudo de casos" id="id-ce200009252941b5aa0a0533b7aa4f5d" version="5.0.0">
  <folder name="Strategy" id="id-71dcee2cfac04437a1abc128f79c4141" type="strategy"/>
  <folder name="Business" id="id-85d6628896b747bba789c26e7cf6210a" type="business">
    <element xsi:type="archimate:BusinessEvent" name="Pedido" id="id-986b1e30e5c34acea8c3553c7eec9d4b"/>
    <element xsi:type="archimate:BusinessProcess" name="Analisa pedido" id="id-6b006823a07d406fae19094ca1744354"/>
    <element xsi:type="archimate:BusinessProcess" name="Prepara ingredientes" id="id-0eb53be573bd4be8849d71857351170c"/>
    <element xsi:type="archimate:BusinessProcess" name="Cozimento" id="id-7a1bad017f764637b9a0c0cb8c1ca867"/>
    <element xsi:type="archimate:BusinessProcess" name="Montagem do prato" id="id-2ccd99eac9574a6bb4815ec7b3472521"/>
    <element xsi:type="archimate:BusinessProcess" name="Verifica ingredientes" id="id-309ea4caf8464ffdaa5f7ccee15c25b9"/>
    <element xsi:type="archimate:BusinessProcess" name="Prepara equipamentos" id="id-55dd7801dfd0462ab14bc4f94c56019b"/>
    <element xsi:type="archimate:BusinessProcess" name="Verifica qualidade" id="id-d8821219f027457bba23c7f7eb1e128c"/>
    <element xsi:type="archimate:BusinessProcess" name="Embala " id="id-f2a3a5620a5c450ca1f1c8e5a1927223"/>
    <element xsi:type="archimate:BusinessProcess" name="Emprata" id="id-d9ebf7d039534a2189c406fd99b4c3d4"/>
    <element xsi:type="archimate:BusinessInteraction" name="Informa Garçom" id="id-3117c4e80d3d4044b4aa316a88d390c2"/>
    <element xsi:type="archimate:BusinessInteraction" name="Informa Entregador" id="id-4d81da1d0a8e4fae9a9a3373449f07bb"/>
    <element xsi:type="archimate:BusinessRole" name="Entregador" id="id-b459e2f8c3504ab0a5489af00b1f9577"/>
    <element xsi:type="archimate:BusinessRole" name="Garçom" id="id-33ac51e2d993473e9099602383a6208e"/>
    <element xsi:type="archimate:BusinessRole" name="Cozinheiro" id="id-f08d9c09d4b5474e81257487d26c6b44"/>
    <element xsi:type="archimate:BusinessProcess" name="Acessa o sistema de gestao de estoque" id="id-35b7227de0d84b3da135688df47d5297"/>
    <element xsi:type="archimate:BusinessEvent" name="Produto em falta " id="id-bef430bbaf204819956bd74c1f9f1655"/>
    <element xsi:type="archimate:BusinessProcess" name="Revisa níveis de estoque atual" id="id-c33a0606790d4079b782a009cfe2bdf5"/>
    <element xsi:type="archimate:BusinessProcess" name="Identifica produtos com baixo estoque" id="id-b45bf5b807254c0b9ef444590f08e024"/>
    <element xsi:type="archimate:BusinessProcess" name="Verifica pedidos pendentes com os fornecedores" id="id-e7b530d72b3c4f98918d8427a468eba6"/>
    <element xsi:type="archimate:BusinessProcess" name="Pesquisa fornecedores" id="id-3e0b0d8a731444d4a71e3f83601d7175"/>
    <element xsi:type="archimate:BusinessProcess" name="Repor Estoque" id="id-5827b02e346949909425c55e4535cf6c"/>
    <element xsi:type="archimate:BusinessProcess" name="Pedido recebido" id="id-65aa2551a90641d3a1d97f32916385a0"/>
    <element xsi:type="archimate:BusinessProcess" name="Gera pedido de reposição" id="id-851aa8187daf4f7584c3c7804f833cc5"/>
    <element xsi:type="archimate:BusinessProcess" name="Aprova pedido" id="id-4d4542c0dad7412e8d24a676915bc2c3"/>
    <element xsi:type="archimate:BusinessProcess" name="Envia pedido a fornecedores" id="id-06ad02a1b0a04c57a0c20c2c692801a6"/>
    <element xsi:type="archimate:BusinessProcess" name="Acompanha pedidos" id="id-2642af908e0a404faa5bf442dc43f44b"/>
    <element xsi:type="archimate:BusinessProcess" name="Recebe mercadoria" id="id-53c4d7f85f5b47b4aca525c99558e0ff"/>
    <element xsi:type="archimate:BusinessProcess" name="Analisa mercadoria" id="id-d7251af12cd6414286df08f2455472bc"/>
    <element xsi:type="archimate:BusinessProcess" name="Atualiza sistema de estoque" id="id-6bdd3b6ce29a46f4a66c649a442c94c9"/>
    <element xsi:type="archimate:BusinessProcess" name="Armazena produtos" id="id-f4704c4f9ea243a2a8c7eff80151194d"/>
    <element xsi:type="archimate:BusinessProcess" name="Comunica a equipe" id="id-15f2597dc31d4302b8fdc44945f3e991"/>
  </folder>
  <folder name="Application" id="id-b627cfd7eda44c8fa8c61bac36bdcd82" type="application"/>
  <folder name="Technology &amp; Physical" id="id-d865c56d0d9047f9b992de78da9d5062" type="technology"/>
  <folder name="Motivation" id="id-254de95b3ce84c3e9d0873ee3b6487e8" type="motivation"/>
  <folder name="Implementation &amp; Migration" id="id-b79a34c5cecc4f12a70c7ab92bea18d5" type="implementation_migration">
    <element xsi:type="archimate:ImplementationEvent" name="Implementation Event" id="id-e589d4f4db1d459e921b47943b29ac7a"/>
  </folder>
  <folder name="Other" id="id-2594949122f145b09d6ed20286c0a25c" type="other">
    <element xsi:type="archimate:Grouping" name="Grouping" id="id-30226dde09db4cc18a4b4b5504518887"/>
    <element xsi:type="archimate:Junction" name="Junction" id="id-00ad3c5f736540cdbadf16b072be619f"/>
    <element xsi:type="archimate:Junction" name="Junction" id="id-bcf9a9e8e82644889d0704bdd546ec5d"/>
    <element xsi:type="archimate:Junction" name="Junction" id="id-b0f6bc358dcc4b1eb04e9ef3ebba4bae" type="or"/>
  </folder>
  <folder name="Relations" id="id-9031ade11daf4e06ba87447658a736b9" type="relations">
    <element xsi:type="archimate:CompositionRelationship" id="id-c6eab36493c84ab59450c3857833deaa" source="id-65aa2551a90641d3a1d97f32916385a0" target="id-2ccd99eac9574a6bb4815ec7b3472521"/>
    <element xsi:type="archimate:CompositionRelationship" id="id-3ae11044d3f847f19a41edd1d37c8874" source="id-65aa2551a90641d3a1d97f32916385a0" target="id-f2a3a5620a5c450ca1f1c8e5a1927223"/>
    <element xsi:type="archimate:CompositionRelationship" id="id-e04f560fd5654f8fb477e6e019bd7dcc" source="id-65aa2551a90641d3a1d97f32916385a0" target="id-d8821219f027457bba23c7f7eb1e128c"/>
    <element xsi:type="archimate:CompositionRelationship" id="id-0f7fe60a15bb450a91905329933f2948" source="id-65aa2551a90641d3a1d97f32916385a0" target="id-7a1bad017f764637b9a0c0cb8c1ca867"/>
    <element xsi:type="archimate:CompositionRelationship" id="id-c46a8752e9f342f58708eedffcd025a0" source="id-65aa2551a90641d3a1d97f32916385a0" target="id-55dd7801dfd0462ab14bc4f94c56019b"/>
    <element xsi:type="archimate:CompositionRelationship" id="id-6b4b9be3a7e54907bc1023e3303a330e" source="id-65aa2551a90641d3a1d97f32916385a0" target="id-0eb53be573bd4be8849d71857351170c"/>
    <element xsi:type="archimate:CompositionRelationship" id="id-3c2fd315a37f4e96b6130cb343ce3e42" source="id-65aa2551a90641d3a1d97f32916385a0" target="id-309ea4caf8464ffdaa5f7ccee15c25b9"/>
    <element xsi:type="archimate:CompositionRelationship" id="id-fb6c101e9dbb490abdf7b9f8df5223dc" source="id-65aa2551a90641d3a1d97f32916385a0" target="id-6b006823a07d406fae19094ca1744354"/>
    <element xsi:type="archimate:CompositionRelationship" id="id-9567a7d79c4341038e48e16b14f63bc7" source="id-65aa2551a90641d3a1d97f32916385a0" target="id-4d81da1d0a8e4fae9a9a3373449f07bb"/>
    <element xsi:type="archimate:CompositionRelationship" id="id-5268af98d64a4c2ea3562b95906b41bb" source="id-65aa2551a90641d3a1d97f32916385a0" target="id-3117c4e80d3d4044b4aa316a88d390c2"/>
    <element xsi:type="archimate:TriggeringRelationship" id="id-85374eaaa54641189503ceebb3324d64" source="id-986b1e30e5c34acea8c3553c7eec9d4b" target="id-6b006823a07d406fae19094ca1744354"/>
    <element xsi:type="archimate:TriggeringRelationship" id="id-8e2df4c8c44f4faba8a76456e2e1961b" source="id-6b006823a07d406fae19094ca1744354" target="id-309ea4caf8464ffdaa5f7ccee15c25b9"/>
    <element xsi:type="archimate:TriggeringRelationship" id="id-d30e9a3e8de0409984f94b3eb636a376" source="id-309ea4caf8464ffdaa5f7ccee15c25b9" target="id-0eb53be573bd4be8849d71857351170c"/>
    <element xsi:type="archimate:TriggeringRelationship" id="id-27608e570e1d4d3c9d7329ddd4ed0c55" source="id-0eb53be573bd4be8849d71857351170c" target="id-55dd7801dfd0462ab14bc4f94c56019b"/>
    <element xsi:type="archimate:TriggeringRelationship" id="id-05b1c44d72e443aea97d24904eba6c2d" source="id-55dd7801dfd0462ab14bc4f94c56019b" target="id-7a1bad017f764637b9a0c0cb8c1ca867"/>
    <element xsi:type="archimate:TriggeringRelationship" id="id-24e853a67b5740d6b44e347aa05c140f" source="id-7a1bad017f764637b9a0c0cb8c1ca867" target="id-d8821219f027457bba23c7f7eb1e128c"/>
    <element xsi:type="archimate:TriggeringRelationship" id="id-8af4626087d24f4b9111a68709b25019" source="id-d8821219f027457bba23c7f7eb1e128c" target="id-2ccd99eac9574a6bb4815ec7b3472521"/>
    <element xsi:type="archimate:TriggeringRelationship" id="id-fadce3966b284715ad8fb78d335bc326" source="id-2ccd99eac9574a6bb4815ec7b3472521" target="id-b0f6bc358dcc4b1eb04e9ef3ebba4bae"/>
    <element xsi:type="archimate:TriggeringRelationship" id="id-ec8c49dffe54494bad8e858271389ef4" source="id-b0f6bc358dcc4b1eb04e9ef3ebba4bae" target="id-d9ebf7d039534a2189c406fd99b4c3d4"/>
    <element xsi:type="archimate:TriggeringRelationship" id="id-0b3e7a19da904544b4353d5a2c7a7550" source="id-b0f6bc358dcc4b1eb04e9ef3ebba4bae" target="id-f2a3a5620a5c450ca1f1c8e5a1927223"/>
    <element xsi:type="archimate:TriggeringRelationship" id="id-03eae4a8512549328acc5f09d9a7cdbd" source="id-d9ebf7d039534a2189c406fd99b4c3d4" target="id-3117c4e80d3d4044b4aa316a88d390c2"/>
    <element xsi:type="archimate:TriggeringRelationship" id="id-fac1ce23fce14a75a8029b30416b5320" source="id-f2a3a5620a5c450ca1f1c8e5a1927223" target="id-4d81da1d0a8e4fae9a9a3373449f07bb"/>
    <element xsi:type="archimate:AssignmentRelationship" id="id-4c68d8d830db489aaca25b4901863749" source="id-33ac51e2d993473e9099602383a6208e" target="id-3117c4e80d3d4044b4aa316a88d390c2"/>
    <element xsi:type="archimate:AssignmentRelationship" id="id-7975eaad8bff4dd3bceba6dd70b8898d" source="id-b459e2f8c3504ab0a5489af00b1f9577" target="id-4d81da1d0a8e4fae9a9a3373449f07bb"/>
    <element xsi:type="archimate:AssignmentRelationship" id="id-af234115f09045d3a6f88b132363e2fd" source="id-f08d9c09d4b5474e81257487d26c6b44" target="id-6b006823a07d406fae19094ca1744354"/>
    <element xsi:type="archimate:CompositionRelationship" id="id-94db5ffa11bb47168871f3dd04569a67" source="id-5827b02e346949909425c55e4535cf6c" target="id-c33a0606790d4079b782a009cfe2bdf5"/>
    <element xsi:type="archimate:CompositionRelationship" id="id-ad8949d7326941d6b1b6ff8d81f9c040" source="id-5827b02e346949909425c55e4535cf6c" target="id-35b7227de0d84b3da135688df47d5297"/>
    <element xsi:type="archimate:CompositionRelationship" id="id-547375d2191d4d00bdce042c3ecf4409" source="id-5827b02e346949909425c55e4535cf6c" target="id-b45bf5b807254c0b9ef444590f08e024"/>
    <element xsi:type="archimate:CompositionRelationship" id="id-9de7388eef1b4a7a807559782f7982fd" source="id-5827b02e346949909425c55e4535cf6c" target="id-e7b530d72b3c4f98918d8427a468eba6"/>
    <element xsi:type="archimate:CompositionRelationship" id="id-ee72a150549e40bfba35f92e82295db8" source="id-5827b02e346949909425c55e4535cf6c" target="id-3e0b0d8a731444d4a71e3f83601d7175"/>
    <element xsi:type="archimate:CompositionRelationship" id="id-2316d9f9943447ed9932717752a0a950" source="id-5827b02e346949909425c55e4535cf6c" target="id-851aa8187daf4f7584c3c7804f833cc5"/>
    <element xsi:type="archimate:TriggeringRelationship" id="id-29358118121047aabb6b8d721ccfa1ba" source="id-bef430bbaf204819956bd74c1f9f1655" target="id-35b7227de0d84b3da135688df47d5297"/>
    <element xsi:type="archimate:TriggeringRelationship" id="id-81fdc6d86e19478c994e24880b1b74bd" source="id-35b7227de0d84b3da135688df47d5297" target="id-c33a0606790d4079b782a009cfe2bdf5"/>
    <element xsi:type="archimate:TriggeringRelationship" id="id-a34bd67c09ae47a89d178a40d70905df" source="id-c33a0606790d4079b782a009cfe2bdf5" target="id-b45bf5b807254c0b9ef444590f08e024"/>
    <element xsi:type="archimate:TriggeringRelationship" id="id-45a85384a02846a4827f3afb013abfae" source="id-b45bf5b807254c0b9ef444590f08e024" target="id-e7b530d72b3c4f98918d8427a468eba6"/>
    <element xsi:type="archimate:TriggeringRelationship" id="id-3420ad2c3b234c5fbe563f259b8cd876" source="id-e7b530d72b3c4f98918d8427a468eba6" target="id-3e0b0d8a731444d4a71e3f83601d7175"/>
    <element xsi:type="archimate:TriggeringRelationship" id="id-4d39285c25cb46f39b321f07d5156328" source="id-3e0b0d8a731444d4a71e3f83601d7175" target="id-851aa8187daf4f7584c3c7804f833cc5"/>
    <element xsi:type="archimate:CompositionRelationship" id="id-f7ca6c5287a6486c847958ed813bffd7" source="id-5827b02e346949909425c55e4535cf6c" target="id-4d4542c0dad7412e8d24a676915bc2c3"/>
    <element xsi:type="archimate:TriggeringRelationship" id="id-0547a8724b914d34b6e2180547eec6d6" source="id-851aa8187daf4f7584c3c7804f833cc5" target="id-4d4542c0dad7412e8d24a676915bc2c3"/>
    <element xsi:type="archimate:CompositionRelationship" id="id-217d4b1a65574b958b129595e9430c0a" source="id-5827b02e346949909425c55e4535cf6c" target="id-06ad02a1b0a04c57a0c20c2c692801a6"/>
    <element xsi:type="archimate:CompositionRelationship" id="id-d3961a70c2ba48e9810c7a5443661f56" source="id-5827b02e346949909425c55e4535cf6c" target="id-2642af908e0a404faa5bf442dc43f44b"/>
    <element xsi:type="archimate:CompositionRelationship" id="id-0e34f6d8e33544ad9486edae83b3d324" source="id-5827b02e346949909425c55e4535cf6c" target="id-53c4d7f85f5b47b4aca525c99558e0ff"/>
    <element xsi:type="archimate:CompositionRelationship" id="id-289af0c4629e47fc81c624e3d8c84ddd" source="id-5827b02e346949909425c55e4535cf6c" target="id-d7251af12cd6414286df08f2455472bc"/>
    <element xsi:type="archimate:CompositionRelationship" id="id-6393f8676c9c4a8e8dc1071cd4a229e6" source="id-5827b02e346949909425c55e4535cf6c" target="id-6bdd3b6ce29a46f4a66c649a442c94c9"/>
    <element xsi:type="archimate:CompositionRelationship" id="id-1e9b4e2196374d8db1b531b0e4a3aa28" source="id-5827b02e346949909425c55e4535cf6c" target="id-f4704c4f9ea243a2a8c7eff80151194d"/>
    <element xsi:type="archimate:CompositionRelationship" id="id-b33be5a58e3b42048b0102a8b782a4ea" source="id-5827b02e346949909425c55e4535cf6c" target="id-15f2597dc31d4302b8fdc44945f3e991"/>
    <element xsi:type="archimate:TriggeringRelationship" id="id-8c2bebfc0f71449fa9bec0032ee92fc6" source="id-4d4542c0dad7412e8d24a676915bc2c3" target="id-06ad02a1b0a04c57a0c20c2c692801a6"/>
    <element xsi:type="archimate:TriggeringRelationship" id="id-7530d3bc746b43c88e1dc060e91abd0b" source="id-06ad02a1b0a04c57a0c20c2c692801a6" target="id-2642af908e0a404faa5bf442dc43f44b"/>
    <element xsi:type="archimate:TriggeringRelationship" id="id-8009dd2f575b46a4a1c00208540444b2" source="id-2642af908e0a404faa5bf442dc43f44b" target="id-53c4d7f85f5b47b4aca525c99558e0ff"/>
    <element xsi:type="archimate:TriggeringRelationship" id="id-187d9fd946414c348649e856c69e88bd" source="id-53c4d7f85f5b47b4aca525c99558e0ff" target="id-d7251af12cd6414286df08f2455472bc"/>
    <element xsi:type="archimate:TriggeringRelationship" id="id-303124d76c004764b228aadd543831db" source="id-d7251af12cd6414286df08f2455472bc" target="id-6bdd3b6ce29a46f4a66c649a442c94c9"/>
    <element xsi:type="archimate:TriggeringRelationship" id="id-18ea605323614cc69c0150f2bd80b770" source="id-6bdd3b6ce29a46f4a66c649a442c94c9" target="id-f4704c4f9ea243a2a8c7eff80151194d"/>
    <element xsi:type="archimate:TriggeringRelationship" id="id-63a359ec5fa345ceab96396b21e0f436" source="id-f4704c4f9ea243a2a8c7eff80151194d" target="id-15f2597dc31d4302b8fdc44945f3e991"/>
  </folder>
  <folder name="Views" id="id-ea19760f776347158894745474fc2a8e" type="diagrams">
    <element xsi:type="archimate:ArchimateDiagramModel" name="Pedido Recebido" id="id-1313ef0b8c5840e89fffc84e3c65014a">
      <child xsi:type="archimate:DiagramObject" id="id-583888c4b48b462b8021f54bb48da625" archimateElement="id-65aa2551a90641d3a1d97f32916385a0">
        <bounds x="-408" y="63" width="1717" height="361"/>
        <sourceConnection xsi:type="archimate:Connection" id="id-c73b7b67b67f48499134a9b1680216f8" source="id-583888c4b48b462b8021f54bb48da625" target="id-4c12e308156748e79a29fb7d1dcc1844" archimateRelationship="id-c6eab36493c84ab59450c3857833deaa"/>
        <sourceConnection xsi:type="archimate:Connection" id="id-4749d1b7331448349da5e029bf47e097" source="id-583888c4b48b462b8021f54bb48da625" target="id-d50d5bea76414b6990c842931cd62384" archimateRelationship="id-3ae11044d3f847f19a41edd1d37c8874"/>
        <sourceConnection xsi:type="archimate:Connection" id="id-bc9b5fdbfc874f5a8c8fb6b0942d678e" source="id-583888c4b48b462b8021f54bb48da625" target="id-d9f25b3295374704a056f04308aec70a" archimateRelationship="id-e04f560fd5654f8fb477e6e019bd7dcc"/>
        <sourceConnection xsi:type="archimate:Connection" id="id-7072ba2e5de74948bd589825ccc1761c" source="id-583888c4b48b462b8021f54bb48da625" target="id-8d6208eb65124ec5a5b85012623054db" archimateRelationship="id-0f7fe60a15bb450a91905329933f2948"/>
        <sourceConnection xsi:type="archimate:Connection" id="id-d68b6aa35fcf48c3b8889bd3eb827013" source="id-583888c4b48b462b8021f54bb48da625" target="id-e9f4f5a90c6e49b9809e9e332552aca6" archimateRelationship="id-c46a8752e9f342f58708eedffcd025a0"/>
        <sourceConnection xsi:type="archimate:Connection" id="id-17034eb275f4423ba2d1cba609ab784b" source="id-583888c4b48b462b8021f54bb48da625" target="id-e4a06b5c9c4845569cc08633f4673181" archimateRelationship="id-6b4b9be3a7e54907bc1023e3303a330e"/>
        <sourceConnection xsi:type="archimate:Connection" id="id-037b07e78b22476eaf330b09d6427ee6" source="id-583888c4b48b462b8021f54bb48da625" target="id-c32a0cb2a5194328a40ca73416f58d6b" archimateRelationship="id-3c2fd315a37f4e96b6130cb343ce3e42"/>
        <sourceConnection xsi:type="archimate:Connection" id="id-1f694441fe23429bbd8ed93138850a1b" source="id-583888c4b48b462b8021f54bb48da625" target="id-63038a2eaceb43f59991b72785c15bde" archimateRelationship="id-fb6c101e9dbb490abdf7b9f8df5223dc"/>
        <sourceConnection xsi:type="archimate:Connection" id="id-b99accec340d4bb28d48266284865b25" source="id-583888c4b48b462b8021f54bb48da625" target="id-c891c2737f98495894486f894deb6aa5" archimateRelationship="id-9567a7d79c4341038e48e16b14f63bc7"/>
        <sourceConnection xsi:type="archimate:Connection" id="id-586cf511f1bc41ac973e499523ccb8e6" source="id-583888c4b48b462b8021f54bb48da625" target="id-ab2d9f63600142f7aba8d49900b34438" archimateRelationship="id-5268af98d64a4c2ea3562b95906b41bb"/>
        <child xsi:type="archimate:DiagramObject" id="id-4c12e308156748e79a29fb7d1dcc1844" targetConnections="id-c73b7b67b67f48499134a9b1680216f8 id-8cc335fb2cb848e8ac1940f110e457de" archimateElement="id-2ccd99eac9574a6bb4815ec7b3472521">
          <bounds x="1140" y="150" width="120" height="55"/>
          <sourceConnection xsi:type="archimate:Connection" id="id-04db58f327794b189b07400a9dd5b851" source="id-4c12e308156748e79a29fb7d1dcc1844" target="id-6e1a29da7e9743e8b2c73eb16a1fd253" archimateRelationship="id-fadce3966b284715ad8fb78d335bc326"/>
        </child>
        <child xsi:type="archimate:DiagramObject" id="id-d50d5bea76414b6990c842931cd62384" targetConnections="id-4749d1b7331448349da5e029bf47e097 id-40b196de59a9424ba2e276ae00104e81" archimateElement="id-f2a3a5620a5c450ca1f1c8e5a1927223">
          <bounds x="1344" y="228" width="120" height="55"/>
          <sourceConnection xsi:type="archimate:Connection" id="id-ffc22ddce28040b28e421f2dd8ebdcdd" source="id-d50d5bea76414b6990c842931cd62384" target="id-c891c2737f98495894486f894deb6aa5" archimateRelationship="id-fac1ce23fce14a75a8029b30416b5320"/>
        </child>
        <child xsi:type="archimate:DiagramObject" id="id-f7c669629b36499ca234ed2faff8ee4a" targetConnections="id-f283b74998124ff5a341422695606735" archimateElement="id-d9ebf7d039534a2189c406fd99b4c3d4">
          <bounds x="1344" y="72" width="120" height="55"/>
          <sourceConnection xsi:type="archimate:Connection" id="id-f002b8f756ee49e2b39446cdbba0fe23" source="id-f7c669629b36499ca234ed2faff8ee4a" target="id-ab2d9f63600142f7aba8d49900b34438" archimateRelationship="id-03eae4a8512549328acc5f09d9a7cdbd"/>
        </child>
        <child xsi:type="archimate:DiagramObject" id="id-d9f25b3295374704a056f04308aec70a" targetConnections="id-bc9b5fdbfc874f5a8c8fb6b0942d678e id-15204816e86546c1a2736ed7e04fa915" archimateElement="id-d8821219f027457bba23c7f7eb1e128c">
          <bounds x="960" y="150" width="120" height="55"/>
          <sourceConnection xsi:type="archimate:Connection" id="id-8cc335fb2cb848e8ac1940f110e457de" source="id-d9f25b3295374704a056f04308aec70a" target="id-4c12e308156748e79a29fb7d1dcc1844" archimateRelationship="id-8af4626087d24f4b9111a68709b25019"/>
        </child>
        <child xsi:type="archimate:DiagramObject" id="id-8d6208eb65124ec5a5b85012623054db" targetConnections="id-7072ba2e5de74948bd589825ccc1761c id-03e8d75fe4ac4b14961aab19ec33a0bf" archimateElement="id-7a1bad017f764637b9a0c0cb8c1ca867">
          <bounds x="768" y="150" width="120" height="55"/>
          <sourceConnection xsi:type="archimate:Connection" id="id-15204816e86546c1a2736ed7e04fa915" source="id-8d6208eb65124ec5a5b85012623054db" target="id-d9f25b3295374704a056f04308aec70a" archimateRelationship="id-24e853a67b5740d6b44e347aa05c140f"/>
        </child>
        <child xsi:type="archimate:DiagramObject" id="id-e9f4f5a90c6e49b9809e9e332552aca6" targetConnections="id-d68b6aa35fcf48c3b8889bd3eb827013 id-3fc8d26461b943e4b8f2cb8d06ecf5af" archimateElement="id-55dd7801dfd0462ab14bc4f94c56019b">
          <bounds x="576" y="150" width="120" height="55"/>
          <sourceConnection xsi:type="archimate:Connection" id="id-03e8d75fe4ac4b14961aab19ec33a0bf" source="id-e9f4f5a90c6e49b9809e9e332552aca6" target="id-8d6208eb65124ec5a5b85012623054db" archimateRelationship="id-05b1c44d72e443aea97d24904eba6c2d"/>
        </child>
        <child xsi:type="archimate:DiagramObject" id="id-c32a0cb2a5194328a40ca73416f58d6b" targetConnections="id-037b07e78b22476eaf330b09d6427ee6 id-b6d5879b953b412194266dfa8e5580cf" archimateElement="id-309ea4caf8464ffdaa5f7ccee15c25b9">
          <bounds x="216" y="150" width="120" height="55"/>
          <sourceConnection xsi:type="archimate:Connection" id="id-75f84a375ab6432ba13603fa40972f2c" source="id-c32a0cb2a5194328a40ca73416f58d6b" target="id-e4a06b5c9c4845569cc08633f4673181" archimateRelationship="id-d30e9a3e8de0409984f94b3eb636a376"/>
        </child>
        <child xsi:type="archimate:DiagramObject" id="id-63038a2eaceb43f59991b72785c15bde" targetConnections="id-1f694441fe23429bbd8ed93138850a1b id-e48999d473e14658beb8666d2de0e2b8 id-688263058de842ee8c285ddba53b2dcc" archimateElement="id-6b006823a07d406fae19094ca1744354">
          <bounds x="48" y="150" width="120" height="55"/>
          <sourceConnection xsi:type="archimate:Connection" id="id-b6d5879b953b412194266dfa8e5580cf" source="id-63038a2eaceb43f59991b72785c15bde" target="id-c32a0cb2a5194328a40ca73416f58d6b" archimateRelationship="id-8e2df4c8c44f4faba8a76456e2e1961b"/>
        </child>
        <child xsi:type="archimate:DiagramObject" id="id-ab2d9f63600142f7aba8d49900b34438" targetConnections="id-586cf511f1bc41ac973e499523ccb8e6 id-f002b8f756ee49e2b39446cdbba0fe23 id-0f56c11afd984dd5b003509f70feca16" archimateElement="id-3117c4e80d3d4044b4aa316a88d390c2">
          <bounds x="1536" y="72" width="120" height="55"/>
        </child>
        <child xsi:type="archimate:DiagramObject" id="id-6e1a29da7e9743e8b2c73eb16a1fd253" targetConnections="id-04db58f327794b189b07400a9dd5b851" archimateElement="id-b0f6bc358dcc4b1eb04e9ef3ebba4bae">
          <bounds x="1308" y="170" width="15" height="15"/>
          <sourceConnection xsi:type="archimate:Connection" id="id-f283b74998124ff5a341422695606735" source="id-6e1a29da7e9743e8b2c73eb16a1fd253" target="id-f7c669629b36499ca234ed2faff8ee4a" archimateRelationship="id-ec8c49dffe54494bad8e858271389ef4"/>
          <sourceConnection xsi:type="archimate:Connection" id="id-40b196de59a9424ba2e276ae00104e81" source="id-6e1a29da7e9743e8b2c73eb16a1fd253" target="id-d50d5bea76414b6990c842931cd62384" archimateRelationship="id-0b3e7a19da904544b4353d5a2c7a7550"/>
        </child>
        <child xsi:type="archimate:DiagramObject" id="id-e4a06b5c9c4845569cc08633f4673181" targetConnections="id-17034eb275f4423ba2d1cba609ab784b id-75f84a375ab6432ba13603fa40972f2c" archimateElement="id-0eb53be573bd4be8849d71857351170c">
          <bounds x="396" y="150" width="120" height="55"/>
          <sourceConnection xsi:type="archimate:Connection" id="id-3fc8d26461b943e4b8f2cb8d06ecf5af" source="id-e4a06b5c9c4845569cc08633f4673181" target="id-e9f4f5a90c6e49b9809e9e332552aca6" archimateRelationship="id-27608e570e1d4d3c9d7329ddd4ed0c55"/>
        </child>
        <child xsi:type="archimate:DiagramObject" id="id-c891c2737f98495894486f894deb6aa5" targetConnections="id-b99accec340d4bb28d48266284865b25 id-ffc22ddce28040b28e421f2dd8ebdcdd id-f612f4f53cf54127a950682e1579a577" archimateElement="id-4d81da1d0a8e4fae9a9a3373449f07bb">
          <bounds x="1536" y="228" width="120" height="55"/>
        </child>
      </child>
      <child xsi:type="archimate:DiagramObject" id="id-c9a44acb1e9f4bfa89b4d215ef03d1e2" archimateElement="id-986b1e30e5c34acea8c3553c7eec9d4b" type="1">
        <bounds x="-564" y="216" width="120" height="55"/>
        <sourceConnection xsi:type="archimate:Connection" id="id-e48999d473e14658beb8666d2de0e2b8" source="id-c9a44acb1e9f4bfa89b4d215ef03d1e2" target="id-63038a2eaceb43f59991b72785c15bde" archimateRelationship="id-85374eaaa54641189503ceebb3324d64"/>
      </child>
      <child xsi:type="archimate:DiagramObject" id="id-244d4ceedfa14ff0b9016245ea17ca3c" archimateElement="id-b459e2f8c3504ab0a5489af00b1f9577">
        <bounds x="1140" y="468" width="120" height="55"/>
        <sourceConnection xsi:type="archimate:Connection" id="id-f612f4f53cf54127a950682e1579a577" source="id-244d4ceedfa14ff0b9016245ea17ca3c" target="id-c891c2737f98495894486f894deb6aa5" archimateRelationship="id-7975eaad8bff4dd3bceba6dd70b8898d"/>
      </child>
      <child xsi:type="archimate:DiagramObject" id="id-46f91a89b5af41fb9db45948fe8540ca" archimateElement="id-33ac51e2d993473e9099602383a6208e">
        <bounds x="1140" y="-24" width="120" height="55"/>
        <sourceConnection xsi:type="archimate:Connection" id="id-0f56c11afd984dd5b003509f70feca16" source="id-46f91a89b5af41fb9db45948fe8540ca" target="id-ab2d9f63600142f7aba8d49900b34438" archimateRelationship="id-4c68d8d830db489aaca25b4901863749"/>
      </child>
      <child xsi:type="archimate:DiagramObject" id="id-01b66b37446c4ff7a3ad85f829150206" archimateElement="id-f08d9c09d4b5474e81257487d26c6b44">
        <bounds x="-348" y="-24" width="120" height="55"/>
        <sourceConnection xsi:type="archimate:Connection" id="id-688263058de842ee8c285ddba53b2dcc" source="id-01b66b37446c4ff7a3ad85f829150206" target="id-63038a2eaceb43f59991b72785c15bde" archimateRelationship="id-af234115f09045d3a6f88b132363e2fd"/>
      </child>
    </element>
    <element xsi:type="archimate:ArchimateDiagramModel" name="Repor Mercadoria" id="id-3c9288693c27465288eaf584a13922c5">
      <child xsi:type="archimate:DiagramObject" id="id-7bb88247cbdf43af930d0da0e028d2da" archimateElement="id-5827b02e346949909425c55e4535cf6c">
        <bounds x="216" y="72" width="1057" height="349"/>
        <sourceConnection xsi:type="archimate:Connection" id="id-beb70cc14f6a4be59b95b4add586416d" source="id-7bb88247cbdf43af930d0da0e028d2da" target="id-37702b1e90cd430d93d08a260c56675b" archimateRelationship="id-94db5ffa11bb47168871f3dd04569a67"/>
        <sourceConnection xsi:type="archimate:Connection" id="id-bb8f0eeb94a5443da85095b792d0c617" source="id-7bb88247cbdf43af930d0da0e028d2da" target="id-797cfea86e084c798101e663fb763485" archimateRelationship="id-ad8949d7326941d6b1b6ff8d81f9c040"/>
        <sourceConnection xsi:type="archimate:Connection" id="id-483528aa69ba47c6a39086af85e30376" source="id-7bb88247cbdf43af930d0da0e028d2da" target="id-4f5d0b9777534fe9aae441755cde4efa" archimateRelationship="id-547375d2191d4d00bdce042c3ecf4409"/>
        <sourceConnection xsi:type="archimate:Connection" id="id-5648fd14348a4592b8f30cf14f18ba53" source="id-7bb88247cbdf43af930d0da0e028d2da" target="id-30c1c6c0e12f47c8803ea6778ff852b1" archimateRelationship="id-9de7388eef1b4a7a807559782f7982fd"/>
        <sourceConnection xsi:type="archimate:Connection" id="id-8b4ad1ad7bd14d899f8447d4a7c724cf" source="id-7bb88247cbdf43af930d0da0e028d2da" target="id-21b971eed0734646abaf415885f3048c" archimateRelationship="id-ee72a150549e40bfba35f92e82295db8"/>
        <sourceConnection xsi:type="archimate:Connection" id="id-a76426cc9b4b4741abf856b5efa63801" source="id-7bb88247cbdf43af930d0da0e028d2da" target="id-43012282481e40cda7dc6bcb4056a2c1" archimateRelationship="id-2316d9f9943447ed9932717752a0a950"/>
        <sourceConnection xsi:type="archimate:Connection" id="id-dfbc7924c53e4ee1a6e81808c7162e4a" source="id-7bb88247cbdf43af930d0da0e028d2da" target="id-298b3a3f2d4842c9834e1aa35210e06c" archimateRelationship="id-f7ca6c5287a6486c847958ed813bffd7"/>
        <sourceConnection xsi:type="archimate:Connection" id="id-e56c9a36a0074e64a3a932224fa4333d" source="id-7bb88247cbdf43af930d0da0e028d2da" target="id-6c0e5a70ff9e4822a0ad3995ffbef2b8" archimateRelationship="id-217d4b1a65574b958b129595e9430c0a"/>
        <sourceConnection xsi:type="archimate:Connection" id="id-78a43ce5b90343df8ce4a29a770524a6" source="id-7bb88247cbdf43af930d0da0e028d2da" target="id-ebbb2797e8934944aaf7ff6181e26176" archimateRelationship="id-d3961a70c2ba48e9810c7a5443661f56"/>
        <sourceConnection xsi:type="archimate:Connection" id="id-b1ae03a0a22b41489f42c05e2ee76e6a" source="id-7bb88247cbdf43af930d0da0e028d2da" target="id-6ec0bda3c23c446c81307b1de86ba9d9" archimateRelationship="id-0e34f6d8e33544ad9486edae83b3d324"/>
        <sourceConnection xsi:type="archimate:Connection" id="id-ac01bd3977fb4e19abf96d146cf1a5a8" source="id-7bb88247cbdf43af930d0da0e028d2da" target="id-49a7a970e02e44418b62a1dd8d490cbc" archimateRelationship="id-289af0c4629e47fc81c624e3d8c84ddd"/>
        <sourceConnection xsi:type="archimate:Connection" id="id-2fe93ee1823b42e0b9fdc92f4205d7e4" source="id-7bb88247cbdf43af930d0da0e028d2da" target="id-8421f6ee9893475796c2131bb753dcd8" archimateRelationship="id-6393f8676c9c4a8e8dc1071cd4a229e6"/>
        <sourceConnection xsi:type="archimate:Connection" id="id-264e0beb258d4a0689cd428bc04a8fdf" source="id-7bb88247cbdf43af930d0da0e028d2da" target="id-c6cbf31679ea4f7097f2fb2a8ecfb41d" archimateRelationship="id-1e9b4e2196374d8db1b531b0e4a3aa28"/>
        <sourceConnection xsi:type="archimate:Connection" id="id-8e866a68ec9f47c38fa101c5aee95048" source="id-7bb88247cbdf43af930d0da0e028d2da" target="id-d2bc8988caa5474d905723c300dfc48f" archimateRelationship="id-b33be5a58e3b42048b0102a8b782a4ea"/>
        <child xsi:type="archimate:DiagramObject" id="id-37702b1e90cd430d93d08a260c56675b" targetConnections="id-beb70cc14f6a4be59b95b4add586416d id-cf6f8873be1f412b8480aa8f37c86514" archimateElement="id-c33a0606790d4079b782a009cfe2bdf5">
          <bounds x="48" y="144" width="120" height="55"/>
          <sourceConnection xsi:type="archimate:Connection" id="id-85c584bd06ba4fe79c1b2831fc416c5e" source="id-37702b1e90cd430d93d08a260c56675b" target="id-4f5d0b9777534fe9aae441755cde4efa" archimateRelationship="id-a34bd67c09ae47a89d178a40d70905df"/>
        </child>
        <child xsi:type="archimate:DiagramObject" id="id-797cfea86e084c798101e663fb763485" targetConnections="id-bb8f0eeb94a5443da85095b792d0c617 id-50116a62cf1948d19e3ad4a7753425c1" archimateElement="id-35b7227de0d84b3da135688df47d5297">
          <bounds x="35" y="36" width="145" height="55"/>
          <sourceConnection xsi:type="archimate:Connection" id="id-cf6f8873be1f412b8480aa8f37c86514" source="id-797cfea86e084c798101e663fb763485" target="id-37702b1e90cd430d93d08a260c56675b" archimateRelationship="id-81fdc6d86e19478c994e24880b1b74bd"/>
        </child>
        <child xsi:type="archimate:DiagramObject" id="id-4f5d0b9777534fe9aae441755cde4efa" targetConnections="id-483528aa69ba47c6a39086af85e30376 id-85c584bd06ba4fe79c1b2831fc416c5e" archimateElement="id-b45bf5b807254c0b9ef444590f08e024">
          <bounds x="48" y="252" width="120" height="55"/>
          <sourceConnection xsi:type="archimate:Connection" id="id-7d64083a5d804682b30c907793549969" source="id-4f5d0b9777534fe9aae441755cde4efa" target="id-30c1c6c0e12f47c8803ea6778ff852b1" archimateRelationship="id-45a85384a02846a4827f3afb013abfae"/>
        </child>
        <child xsi:type="archimate:DiagramObject" id="id-30c1c6c0e12f47c8803ea6778ff852b1" targetConnections="id-5648fd14348a4592b8f30cf14f18ba53 id-7d64083a5d804682b30c907793549969" archimateElement="id-e7b530d72b3c4f98918d8427a468eba6">
          <bounds x="240" y="252" width="145" height="55"/>
          <sourceConnection xsi:type="archimate:Connection" id="id-b3873469a471494ba946d36abe865cbc" source="id-30c1c6c0e12f47c8803ea6778ff852b1" target="id-21b971eed0734646abaf415885f3048c" archimateRelationship="id-3420ad2c3b234c5fbe563f259b8cd876"/>
        </child>
        <child xsi:type="archimate:DiagramObject" id="id-21b971eed0734646abaf415885f3048c" targetConnections="id-8b4ad1ad7bd14d899f8447d4a7c724cf id-b3873469a471494ba946d36abe865cbc" archimateElement="id-3e0b0d8a731444d4a71e3f83601d7175">
          <bounds x="246" y="144" width="133" height="55"/>
          <sourceConnection xsi:type="archimate:Connection" id="id-f7b2da89d41c436896ecf24b01316b5d" source="id-21b971eed0734646abaf415885f3048c" target="id-43012282481e40cda7dc6bcb4056a2c1" archimateRelationship="id-4d39285c25cb46f39b321f07d5156328"/>
        </child>
        <child xsi:type="archimate:DiagramObject" id="id-43012282481e40cda7dc6bcb4056a2c1" targetConnections="id-a76426cc9b4b4741abf856b5efa63801 id-f7b2da89d41c436896ecf24b01316b5d" archimateElement="id-851aa8187daf4f7584c3c7804f833cc5">
          <bounds x="253" y="36" width="120" height="55"/>
          <sourceConnection xsi:type="archimate:Connection" id="id-fe756ec2b1fe41b182c441406bf6cf91" source="id-43012282481e40cda7dc6bcb4056a2c1" target="id-298b3a3f2d4842c9834e1aa35210e06c" archimateRelationship="id-0547a8724b914d34b6e2180547eec6d6"/>
        </child>
        <child xsi:type="archimate:DiagramObject" id="id-298b3a3f2d4842c9834e1aa35210e06c" targetConnections="id-dfbc7924c53e4ee1a6e81808c7162e4a id-fe756ec2b1fe41b182c441406bf6cf91" archimateElement="id-4d4542c0dad7412e8d24a676915bc2c3">
          <bounds x="468" y="36" width="120" height="55"/>
          <sourceConnection xsi:type="archimate:Connection" id="id-67879b16c55f4514937349ec859214f0" source="id-298b3a3f2d4842c9834e1aa35210e06c" target="id-6c0e5a70ff9e4822a0ad3995ffbef2b8" archimateRelationship="id-8c2bebfc0f71449fa9bec0032ee92fc6"/>
        </child>
        <child xsi:type="archimate:DiagramObject" id="id-6c0e5a70ff9e4822a0ad3995ffbef2b8" targetConnections="id-e56c9a36a0074e64a3a932224fa4333d id-67879b16c55f4514937349ec859214f0" archimateElement="id-06ad02a1b0a04c57a0c20c2c692801a6">
          <bounds x="468" y="144" width="120" height="55"/>
          <sourceConnection xsi:type="archimate:Connection" id="id-aca58b91e551488d84c97132fe22aa9f" source="id-6c0e5a70ff9e4822a0ad3995ffbef2b8" target="id-ebbb2797e8934944aaf7ff6181e26176" archimateRelationship="id-7530d3bc746b43c88e1dc060e91abd0b"/>
        </child>
        <child xsi:type="archimate:DiagramObject" id="id-ebbb2797e8934944aaf7ff6181e26176" targetConnections="id-78a43ce5b90343df8ce4a29a770524a6 id-aca58b91e551488d84c97132fe22aa9f" archimateElement="id-2642af908e0a404faa5bf442dc43f44b">
          <bounds x="468" y="252" width="120" height="55"/>
          <sourceConnection xsi:type="archimate:Connection" id="id-467cddeaf52c4944949ad01832510954" source="id-ebbb2797e8934944aaf7ff6181e26176" target="id-6ec0bda3c23c446c81307b1de86ba9d9" archimateRelationship="id-8009dd2f575b46a4a1c00208540444b2"/>
        </child>
        <child xsi:type="archimate:DiagramObject" id="id-6ec0bda3c23c446c81307b1de86ba9d9" targetConnections="id-b1ae03a0a22b41489f42c05e2ee76e6a id-467cddeaf52c4944949ad01832510954" archimateElement="id-53c4d7f85f5b47b4aca525c99558e0ff">
          <bounds x="672" y="252" width="120" height="55"/>
          <sourceConnection xsi:type="archimate:Connection" id="id-3e11b18e3a214608ada591c263e1802c" source="id-6ec0bda3c23c446c81307b1de86ba9d9" target="id-49a7a970e02e44418b62a1dd8d490cbc" archimateRelationship="id-187d9fd946414c348649e856c69e88bd"/>
        </child>
        <child xsi:type="archimate:DiagramObject" id="id-49a7a970e02e44418b62a1dd8d490cbc" targetConnections="id-ac01bd3977fb4e19abf96d146cf1a5a8 id-3e11b18e3a214608ada591c263e1802c" archimateElement="id-d7251af12cd6414286df08f2455472bc">
          <bounds x="672" y="144" width="120" height="55"/>
          <sourceConnection xsi:type="archimate:Connection" id="id-9630ec12f5ca4af8a1625f0114a28102" source="id-49a7a970e02e44418b62a1dd8d490cbc" target="id-8421f6ee9893475796c2131bb753dcd8" archimateRelationship="id-303124d76c004764b228aadd543831db"/>
        </child>
        <child xsi:type="archimate:DiagramObject" id="id-8421f6ee9893475796c2131bb753dcd8" targetConnections="id-2fe93ee1823b42e0b9fdc92f4205d7e4 id-9630ec12f5ca4af8a1625f0114a28102" archimateElement="id-6bdd3b6ce29a46f4a66c649a442c94c9">
          <bounds x="672" y="36" width="120" height="55"/>
          <sourceConnection xsi:type="archimate:Connection" id="id-eaf9a5ca005c43c7b37cdcf4cbcd2ac3" source="id-8421f6ee9893475796c2131bb753dcd8" target="id-c6cbf31679ea4f7097f2fb2a8ecfb41d" archimateRelationship="id-18ea605323614cc69c0150f2bd80b770"/>
        </child>
        <child xsi:type="archimate:DiagramObject" id="id-c6cbf31679ea4f7097f2fb2a8ecfb41d" targetConnections="id-264e0beb258d4a0689cd428bc04a8fdf id-eaf9a5ca005c43c7b37cdcf4cbcd2ac3" archimateElement="id-f4704c4f9ea243a2a8c7eff80151194d">
          <bounds x="888" y="36" width="120" height="55"/>
          <sourceConnection xsi:type="archimate:Connection" id="id-c1a09be999274676afaf89055f548dcf" source="id-c6cbf31679ea4f7097f2fb2a8ecfb41d" target="id-d2bc8988caa5474d905723c300dfc48f" archimateRelationship="id-63a359ec5fa345ceab96396b21e0f436"/>
        </child>
        <child xsi:type="archimate:DiagramObject" id="id-d2bc8988caa5474d905723c300dfc48f" targetConnections="id-8e866a68ec9f47c38fa101c5aee95048 id-c1a09be999274676afaf89055f548dcf" archimateElement="id-15f2597dc31d4302b8fdc44945f3e991">
          <bounds x="888" y="144" width="120" height="55"/>
        </child>
      </child>
      <child xsi:type="archimate:DiagramObject" id="id-b7e508b601f24d4fbf3c30002e50e28c" archimateElement="id-bef430bbaf204819956bd74c1f9f1655" type="1">
        <bounds x="60" y="96" width="120" height="55"/>
        <sourceConnection xsi:type="archimate:Connection" id="id-50116a62cf1948d19e3ad4a7753425c1" source="id-b7e508b601f24d4fbf3c30002e50e28c" target="id-797cfea86e084c798101e663fb763485" archimateRelationship="id-29358118121047aabb6b8d721ccfa1ba"/>
      </child>
    </element>
  </folder>
</archimate:model>
