<?xml version="1.0" encoding="UTF-8"?>
<archimate:model xmlns:xsi="http://www.w3.org/2001/XMLSchema-instance" xmlns:archimate="http://www.archimatetool.com/archimate" name="(new model)" id="id-4a5be79745ed4086b1f8e89bfa9bebf0" version="5.0.0">
  <folder name="Strategy" id="id-8fa3fcba9b0f43aa836b4630195f3332" type="strategy">
    <element xsi:type="archimate:CourseOfAction" name="Course of Action" id="id-008c0ba6998b45f5a23c6454d248e98a"/>
    <element xsi:type="archimate:CourseOfAction" name="Desenvolver novas marcas" id="id-69565f81acf94ac6b72b4c66be2cd7ca"/>
    <element xsi:type="archimate:CourseOfAction" name="Promover marcas antigas" id="id-bd4dd49f59704adca2dd027a486a2d27"/>
  </folder>
  <folder name="Business" id="id-dbb6e7ecac264bc4a90026ee04496d9b" type="business">
    <element xsi:type="archimate:BusinessCollaboration" name="Business Collaboration" id="id-3c9f6edc025f4591b80a1f0474c5a0fe"/>
  </folder>
  <folder name="Application" id="id-36c6e5fcb4744204b9ff540e49360549" type="application"/>
  <folder name="Technology &amp; Physical" id="id-45b90f0643be4e2cb3fb0a64477e912a" type="technology"/>
  <folder name="Motivation" id="id-89123f53d59742b38c138863c0c033f9" type="motivation">
    <element xsi:type="archimate:Driver" name="Dobrar as vendas a cada década" id="id-226e62e411c947e3b615cbe611b2ff08"/>
    <element xsi:type="archimate:Assessment" name="Desaceleração do crescimento anual das vendas" id="id-e020b4443c61414b86ce1fcf138b49be"/>
    <element xsi:type="archimate:Goal" name="Melhorar e acelerar o processo de tomada de decisões" id="id-4abaf4ebf05149da98d859ac2c705db8"/>
    <element xsi:type="archimate:Goal" name="Revitalizar a empresa" id="id-05ae489b333243aabe97aabe5ea4ac1d"/>
    <element xsi:type="archimate:Goal" name="Reduzir a burocracia" id="id-3f56946815184ba5a0f781a9e6d889c6"/>
    <element xsi:type="archimate:Goal" name="Diminuir os custos dos sistemas" id="id-2b8d9926b5604d09a236eda49ecd98af"/>
    <element xsi:type="archimate:Goal" name="Diminuir os custos dos procedimentos" id="id-614c326045e044afad18ef0e40194bd6"/>
    <element xsi:type="archimate:Goal" name="Alimentar a inovação" id="id-977379c478414a498e12e9015cd2bfc0"/>
    <element xsi:type="archimate:Goal" name="Eliminar a ineficiência dos relacionamentos com fornecedores de matéria prima " id="id-f623a35b0bfb4253ac44a7133a09967f"/>
    <element xsi:type="archimate:Goal" name="Criar novos vínculos com clientes" id="id-ad57b43541a44737841a65f3a4b7c0cd"/>
    <element xsi:type="archimate:Goal" name="Aferir receitas adicionais" id="id-def74fee0621437a8df35bd2033a2f6b"/>
    <element xsi:type="archimate:Goal" name="Aprofundar relações com os clientes" id="id-2670e4ec38614343a0c5533f8e1ee770"/>
    <element xsi:type="archimate:Goal" id="id-091a518cb386422c833a50cfa6f3aa92"/>
    <element xsi:type="archimate:Goal" id="id-c86c07722ffa4cd9a08f75cc0d280d31"/>
    <element xsi:type="archimate:Goal" name="Atender picos e quedas de demandas" id="id-19dcf7fbfe164ccdaa10cc9a06b98749"/>
    <element xsi:type="archimate:Goal" name="Manter as prateleiras abastecidas" id="id-e2e5c0d39a1143f78181330ae19348b0"/>
    <element xsi:type="archimate:Goal" name="Diminuir tempo de ciclo" id="id-d7ca01f5ad9a45c986bf1452b383864f"/>
    <element xsi:type="archimate:Goal" name="Promover marcas antigas" id="id-a4de7398069a4954a2ad9219692a1305"/>
    <element xsi:type="archimate:Goal" name="Desenvolver novas marcas" id="id-e8b33b987913442f8d95bd6fd1a5798e"/>
    <element xsi:type="archimate:Goal" name="Diminuir o estoque" id="id-59cd9a188eec4705b1e8d3b886a243ff"/>
    <element xsi:type="archimate:Principle" name="Incentivar funcionários a serem mais criativos" id="id-a1888d659a42445e83cd7005c5a0d73f"/>
    <element xsi:type="archimate:Principle" name="Influênciar funcionários a assumir mais responsabilidades" id="id-f5120231510143ea865d8ec1e9c69ac0"/>
  </folder>
  <folder name="Implementation &amp; Migration" id="id-7d692ae843c14e6d819ba772a7b02d7e" type="implementation_migration"/>
  <folder name="Other" id="id-e7220a4a1b21451591aa4ce7a836fb26" type="other">
    <element xsi:type="archimate:Junction" name="Junction" id="id-6a2eb52c9cc04f0eba33cb6370850261"/>
  </folder>
  <folder name="Relations" id="id-893b79ee4e4344f39dfa5679ac41a995" type="relations">
    <element xsi:type="archimate:InfluenceRelationship" id="id-0bb290bec1a54ff9904b80261504abd1" source="id-e020b4443c61414b86ce1fcf138b49be" target="id-226e62e411c947e3b615cbe611b2ff08" strength="---"/>
    <element xsi:type="archimate:AssociationRelationship" id="id-bc726b8db13b4b6a9f7d09be348d4135" source="id-05ae489b333243aabe97aabe5ea4ac1d" target="id-226e62e411c947e3b615cbe611b2ff08"/>
    <element xsi:type="archimate:AssociationRelationship" id="id-ef61748c19f3470cb84e842a9976fe19" source="id-4abaf4ebf05149da98d859ac2c705db8" target="id-05ae489b333243aabe97aabe5ea4ac1d"/>
    <element xsi:type="archimate:AssociationRelationship" id="id-13d9ab0175994f8c87df76a38c1a3ae9" source="id-3f56946815184ba5a0f781a9e6d889c6" target="id-05ae489b333243aabe97aabe5ea4ac1d"/>
    <element xsi:type="archimate:AssociationRelationship" id="id-333cf4f8e169453cb23a7d0843f4d077" source="id-2b8d9926b5604d09a236eda49ecd98af" target="id-05ae489b333243aabe97aabe5ea4ac1d"/>
    <element xsi:type="archimate:AssociationRelationship" id="id-426185c8dad244388662b6d6ffd67e51" source="id-614c326045e044afad18ef0e40194bd6" target="id-05ae489b333243aabe97aabe5ea4ac1d"/>
    <element xsi:type="archimate:AssociationRelationship" id="id-5d769aac11544470914317f72484d359" source="id-977379c478414a498e12e9015cd2bfc0" target="id-05ae489b333243aabe97aabe5ea4ac1d"/>
    <element xsi:type="archimate:AssociationRelationship" id="id-ec541c9fd14442a0bf74d97cc9149490" source="id-091a518cb386422c833a50cfa6f3aa92" target="id-977379c478414a498e12e9015cd2bfc0"/>
    <element xsi:type="archimate:AssociationRelationship" id="id-f6f2a4e490e24acb8d8a3494ec51db4b" source="id-c86c07722ffa4cd9a08f75cc0d280d31" target="id-977379c478414a498e12e9015cd2bfc0"/>
    <element xsi:type="archimate:AssociationRelationship" id="id-46c52444ccf746f49485e93d1e194186" source="id-f623a35b0bfb4253ac44a7133a09967f" target="id-19dcf7fbfe164ccdaa10cc9a06b98749"/>
    <element xsi:type="archimate:AssociationRelationship" id="id-be1b9b9ab3ac459b808dcd6b72a60f99" source="id-f623a35b0bfb4253ac44a7133a09967f" target="id-e2e5c0d39a1143f78181330ae19348b0"/>
    <element xsi:type="archimate:AssociationRelationship" id="id-0cd8cc9a25a54d1e9931027e742e7348" source="id-ad57b43541a44737841a65f3a4b7c0cd" target="id-d7ca01f5ad9a45c986bf1452b383864f"/>
    <element xsi:type="archimate:RealizationRelationship" id="id-c4a521632ced4c5fa3e691b380ba0a5c" source="id-a1888d659a42445e83cd7005c5a0d73f" target="id-977379c478414a498e12e9015cd2bfc0"/>
    <element xsi:type="archimate:AssociationRelationship" id="id-bd355abbf5cb44f48115065b71668898" source="id-05ae489b333243aabe97aabe5ea4ac1d" target="id-226e62e411c947e3b615cbe611b2ff08"/>
    <element xsi:type="archimate:RealizationRelationship" id="id-50fb1663ea804f04ad19616dbd1ea720" source="id-a1888d659a42445e83cd7005c5a0d73f" target="id-6a2eb52c9cc04f0eba33cb6370850261"/>
    <element xsi:type="archimate:RealizationRelationship" id="id-9a7996ff1700483f9958d485378abdd8" source="id-f5120231510143ea865d8ec1e9c69ac0" target="id-6a2eb52c9cc04f0eba33cb6370850261"/>
    <element xsi:type="archimate:RealizationRelationship" id="id-757f3d29efa0416396421e43d2ff7b66" source="id-6a2eb52c9cc04f0eba33cb6370850261" target="id-977379c478414a498e12e9015cd2bfc0"/>
    <element xsi:type="archimate:RealizationRelationship" id="id-c47b07a5c20346bcb273bbf0a86198a2" source="id-f5120231510143ea865d8ec1e9c69ac0" target="id-977379c478414a498e12e9015cd2bfc0"/>
    <element xsi:type="archimate:InfluenceRelationship" id="id-5c9dfb1b7dac42fbb31a64819dd4ff1c" source="id-e2e5c0d39a1143f78181330ae19348b0" target="id-ad57b43541a44737841a65f3a4b7c0cd"/>
    <element xsi:type="archimate:InfluenceRelationship" id="id-0a205f8d41d14e0eafc65559315230b3" source="id-e2e5c0d39a1143f78181330ae19348b0" target="id-f623a35b0bfb4253ac44a7133a09967f" strength="++"/>
    <element xsi:type="archimate:InfluenceRelationship" id="id-5b7b3e4b6862437faf88c0ea87fab1dd" source="id-19dcf7fbfe164ccdaa10cc9a06b98749" target="id-f623a35b0bfb4253ac44a7133a09967f" strength="++"/>
    <element xsi:type="archimate:InfluenceRelationship" id="id-c0381948b48f4912902cbfed855b60d0" source="id-a4de7398069a4954a2ad9219692a1305" target="id-def74fee0621437a8df35bd2033a2f6b" strength="++"/>
    <element xsi:type="archimate:InfluenceRelationship" id="id-77fcd009412a4e67ae17420d3564579f" source="id-e8b33b987913442f8d95bd6fd1a5798e" target="id-def74fee0621437a8df35bd2033a2f6b" strength="++"/>
    <element xsi:type="archimate:InfluenceRelationship" id="id-5267334a71e64998910d453eb962f91b" source="id-bd4dd49f59704adca2dd027a486a2d27" target="id-def74fee0621437a8df35bd2033a2f6b" strength="++"/>
    <element xsi:type="archimate:InfluenceRelationship" id="id-eba8f8d7ff2b4bfc820a61bcb25d72d2" source="id-69565f81acf94ac6b72b4c66be2cd7ca" target="id-def74fee0621437a8df35bd2033a2f6b" strength="++"/>
    <element xsi:type="archimate:InfluenceRelationship" id="id-0ac919bf5e6c4eb184207e9bf10546c0" source="id-977379c478414a498e12e9015cd2bfc0" target="id-05ae489b333243aabe97aabe5ea4ac1d" strength="++"/>
  </folder>
  <folder name="Views" id="id-c980b479c5144d4e9dc162f9be0cf49f" type="diagrams">
    <element xsi:type="archimate:ArchimateDiagramModel" name="Default View" id="id-8b39507265d041ef9406c089ff062983">
      <child xsi:type="archimate:DiagramObject" id="id-05d7755442a94c0da32dec5e2f5441fa" targetConnections="id-1f9c02c345054627987691cf706e07e4 id-83344eb147044a108ebe93b9d7399fc3" archimateElement="id-226e62e411c947e3b615cbe611b2ff08">
        <bounds x="605" y="223" width="120" height="55"/>
      </child>
      <child xsi:type="archimate:DiagramObject" id="id-ac750efcf48f43a6831905d591c37da3" archimateElement="id-e020b4443c61414b86ce1fcf138b49be">
        <bounds x="408" y="312" width="120" height="55"/>
        <sourceConnection xsi:type="archimate:Connection" id="id-1f9c02c345054627987691cf706e07e4" source="id-ac750efcf48f43a6831905d591c37da3" target="id-05d7755442a94c0da32dec5e2f5441fa" archimateRelationship="id-0bb290bec1a54ff9904b80261504abd1"/>
      </child>
      <child xsi:type="archimate:DiagramObject" id="id-e0b68c65ce954e05af51ab4bb605699b" archimateElement="id-4abaf4ebf05149da98d859ac2c705db8">
        <bounds x="264" y="420" width="156" height="53"/>
        <sourceConnection xsi:type="archimate:Connection" id="id-dd927450bbb04012b23bdc9273a76a3b" source="id-e0b68c65ce954e05af51ab4bb605699b" target="id-7937e88970204ff3a84bc827a817a2ab" archimateRelationship="id-ef61748c19f3470cb84e842a9976fe19"/>
      </child>
      <child xsi:type="archimate:DiagramObject" id="id-7937e88970204ff3a84bc827a817a2ab" targetConnections="id-dd927450bbb04012b23bdc9273a76a3b id-a0956bf64115449ba269836b75c613b7 id-416b6a2b565841b5b0f8a450ca54ddf9 id-8b25c895ef454516a04c4d3ffedac6b2 id-46b2fd7ecaf54e7cab01eca81444fe11" archimateElement="id-05ae489b333243aabe97aabe5ea4ac1d">
        <bounds x="605" y="324" width="120" height="55"/>
        <sourceConnection xsi:type="archimate:Connection" id="id-83344eb147044a108ebe93b9d7399fc3" source="id-7937e88970204ff3a84bc827a817a2ab" target="id-05d7755442a94c0da32dec5e2f5441fa" archimateRelationship="id-bd355abbf5cb44f48115065b71668898"/>
      </child>
      <child xsi:type="archimate:DiagramObject" id="id-faeccc9d156b49dba2ea8a4815936939" archimateElement="id-3f56946815184ba5a0f781a9e6d889c6">
        <bounds x="456" y="420" width="120" height="55"/>
        <sourceConnection xsi:type="archimate:Connection" id="id-a0956bf64115449ba269836b75c613b7" source="id-faeccc9d156b49dba2ea8a4815936939" target="id-7937e88970204ff3a84bc827a817a2ab" archimateRelationship="id-13d9ab0175994f8c87df76a38c1a3ae9"/>
      </child>
      <child xsi:type="archimate:DiagramObject" id="id-18f2344733e64e6da59cb573217e0791" archimateElement="id-2b8d9926b5604d09a236eda49ecd98af">
        <bounds x="605" y="420" width="120" height="55"/>
        <sourceConnection xsi:type="archimate:Connection" id="id-416b6a2b565841b5b0f8a450ca54ddf9" source="id-18f2344733e64e6da59cb573217e0791" target="id-7937e88970204ff3a84bc827a817a2ab" archimateRelationship="id-333cf4f8e169453cb23a7d0843f4d077"/>
      </child>
      <child xsi:type="archimate:DiagramObject" id="id-e8f384c528944242b89cd518556527d9" archimateElement="id-614c326045e044afad18ef0e40194bd6">
        <bounds x="758" y="432" width="132" height="54"/>
        <sourceConnection xsi:type="archimate:Connection" id="id-8b25c895ef454516a04c4d3ffedac6b2" source="id-e8f384c528944242b89cd518556527d9" target="id-7937e88970204ff3a84bc827a817a2ab" archimateRelationship="id-426185c8dad244388662b6d6ffd67e51"/>
      </child>
      <child xsi:type="archimate:DiagramObject" id="id-1cda92171f514e9faa9374ac49e918dd" targetConnections="id-68cb92dc7aea4155a87c8340f0622afb id-659b89906558450b97995c5a99c2e847" archimateElement="id-977379c478414a498e12e9015cd2bfc0">
        <bounds x="960" y="396" width="120" height="55"/>
        <sourceConnection xsi:type="archimate:Connection" id="id-46b2fd7ecaf54e7cab01eca81444fe11" source="id-1cda92171f514e9faa9374ac49e918dd" target="id-7937e88970204ff3a84bc827a817a2ab" archimateRelationship="id-0ac919bf5e6c4eb184207e9bf10546c0"/>
      </child>
      <child xsi:type="archimate:DiagramObject" id="id-6860ede3bc7d4cb894918ff81451742e" targetConnections="id-f215fed93d6d41e7a1fedfea2622a119 id-2f851a7d73c44072b36e5c6708c2bbb1" archimateElement="id-f623a35b0bfb4253ac44a7133a09967f">
        <bounds x="96" y="516" width="193" height="71"/>
      </child>
      <child xsi:type="archimate:DiagramObject" id="id-b14de2f4454048ed899fecf3423ab9fe" archimateElement="id-ad57b43541a44737841a65f3a4b7c0cd">
        <bounds x="323" y="542" width="145" height="69"/>
        <sourceConnection xsi:type="archimate:Connection" id="id-7033e5a7dec746cab4b02a4374ae10a2" source="id-b14de2f4454048ed899fecf3423ab9fe" target="id-82b4f1fa3fa34833aa9a6a59e87a5db0" archimateRelationship="id-0cd8cc9a25a54d1e9931027e742e7348"/>
      </child>
      <child xsi:type="archimate:DiagramObject" id="id-d9889dde44654db68de28c5693b40505" targetConnections="id-133a26bc72ad4237ade9d4bb4f3116c2 id-8341f0a367c449f69738b7a75a34addb" archimateElement="id-def74fee0621437a8df35bd2033a2f6b">
        <bounds x="708" y="543" width="132" height="68"/>
      </child>
      <child xsi:type="archimate:DiagramObject" id="id-c5b7250861ab499b866d829c19cb8589" archimateElement="id-2670e4ec38614343a0c5533f8e1ee770">
        <bounds x="480" y="543" width="144" height="68"/>
      </child>
      <child xsi:type="archimate:DiagramObject" id="id-3e594ad5fc004bf9bc0866c5668c0f7f" archimateElement="id-19dcf7fbfe164ccdaa10cc9a06b98749">
        <bounds x="60" y="660" width="120" height="55"/>
        <sourceConnection xsi:type="archimate:Connection" id="id-2f851a7d73c44072b36e5c6708c2bbb1" source="id-3e594ad5fc004bf9bc0866c5668c0f7f" target="id-6860ede3bc7d4cb894918ff81451742e" archimateRelationship="id-5b7b3e4b6862437faf88c0ea87fab1dd"/>
      </child>
      <child xsi:type="archimate:DiagramObject" id="id-1e462b2b84cf481d8e07c9af300a9b86" archimateElement="id-e2e5c0d39a1143f78181330ae19348b0">
        <bounds x="204" y="660" width="120" height="55"/>
        <sourceConnection xsi:type="archimate:Connection" id="id-f215fed93d6d41e7a1fedfea2622a119" source="id-1e462b2b84cf481d8e07c9af300a9b86" target="id-6860ede3bc7d4cb894918ff81451742e" archimateRelationship="id-0a205f8d41d14e0eafc65559315230b3"/>
      </child>
      <child xsi:type="archimate:DiagramObject" id="id-82b4f1fa3fa34833aa9a6a59e87a5db0" targetConnections="id-7033e5a7dec746cab4b02a4374ae10a2" archimateElement="id-d7ca01f5ad9a45c986bf1452b383864f">
        <bounds x="348" y="672" width="120" height="55"/>
      </child>
      <child xsi:type="archimate:DiagramObject" id="id-28c593e70ab24ceca036e34dc20ec5dc" archimateElement="id-59cd9a188eec4705b1e8d3b886a243ff">
        <bounds x="492" y="648" width="120" height="55"/>
      </child>
      <child xsi:type="archimate:DiagramObject" id="id-90c8f68be09445328c9a353ddb3f92de" archimateElement="id-69565f81acf94ac6b72b4c66be2cd7ca">
        <bounds x="714" y="672" width="120" height="55"/>
        <sourceConnection xsi:type="archimate:Connection" id="id-8341f0a367c449f69738b7a75a34addb" source="id-90c8f68be09445328c9a353ddb3f92de" target="id-d9889dde44654db68de28c5693b40505" archimateRelationship="id-eba8f8d7ff2b4bfc820a61bcb25d72d2"/>
      </child>
      <child xsi:type="archimate:DiagramObject" id="id-357e7fe724974feba979d61deb33e68b" archimateElement="id-a1888d659a42445e83cd7005c5a0d73f">
        <bounds x="876" y="516" width="145" height="71"/>
        <sourceConnection xsi:type="archimate:Connection" id="id-68cb92dc7aea4155a87c8340f0622afb" source="id-357e7fe724974feba979d61deb33e68b" target="id-1cda92171f514e9faa9374ac49e918dd" archimateRelationship="id-c4a521632ced4c5fa3e691b380ba0a5c"/>
      </child>
      <child xsi:type="archimate:DiagramObject" id="id-9b0bb53103a0405f93fcee552e90c831" archimateElement="id-f5120231510143ea865d8ec1e9c69ac0">
        <bounds x="1043" y="516" width="133" height="71"/>
        <sourceConnection xsi:type="archimate:Connection" id="id-659b89906558450b97995c5a99c2e847" source="id-9b0bb53103a0405f93fcee552e90c831" target="id-1cda92171f514e9faa9374ac49e918dd" archimateRelationship="id-c47b07a5c20346bcb273bbf0a86198a2"/>
      </child>
      <child xsi:type="archimate:DiagramObject" id="id-116ac278341d44c4b06a46a48289db70" archimateElement="id-bd4dd49f59704adca2dd027a486a2d27">
        <bounds x="889" y="660" width="120" height="55"/>
        <sourceConnection xsi:type="archimate:Connection" id="id-133a26bc72ad4237ade9d4bb4f3116c2" source="id-116ac278341d44c4b06a46a48289db70" target="id-d9889dde44654db68de28c5693b40505" archimateRelationship="id-5267334a71e64998910d453eb962f91b"/>
      </child>
    </element>
  </folder>
</archimate:model>
