<?xml version="1.0" encoding="UTF-8"?>
<archimate:model xmlns:xsi="http://www.w3.org/2001/XMLSchema-instance" xmlns:archimate="http://www.archimatetool.com/archimate" name="Prova - AOTI" id="id-5ca7a9a6c7d84d47a8f472168c73ec38" version="5.0.0">
  <folder name="Strategy" id="id-699b1fe57e5f49d4a3f7ec79e9125319" type="strategy"/>
  <folder name="Business" id="id-ea4ef5d259da42118f5fe250e9945bca" type="business">
    <element xsi:type="archimate:BusinessActor" name="Controladora" id="id-4c8fcaf86398483e93e103e319eb045b"/>
    <element xsi:type="archimate:BusinessActor" name="Restaurante" id="id-07e2f2f4efeb478c8b17d8a0b6fdec5c"/>
    <element xsi:type="archimate:BusinessActor" name="Matriz" id="id-7efdcd9919e145b6ae37ee2703f6e6d8"/>
  </folder>
  <folder name="Application" id="id-e00b0c3e23834552b4aedc82a41970cc" type="application"/>
  <folder name="Technology &amp; Physical" id="id-6b5a280a884841fd8f5dbe45561867f7" type="technology"/>
  <folder name="Motivation" id="id-beab3de4780c4549902faea30064e56b" type="motivation"/>
  <folder name="Implementation &amp; Migration" id="id-a2ebdd9ef6094339a743be5d90a739a2" type="implementation_migration"/>
  <folder name="Other" id="id-71db3ccb0a8e4538acdf04d9127e602c" type="other"/>
  <folder name="Relations" id="id-55229103379042d78dee1e2a45dee1a6" type="relations"/>
  <folder name="Views" id="id-5b23d78366b147748d982e96aa8e051d" type="diagrams">
    <folder name="Restaurante" id="id-5ac4572ee98d4d789d6380fd9a3c17c7"/>
    <element xsi:type="archimate:ArchimateDiagramModel" name="Controladora" id="id-c2b51e3c826f46da998dbec6914283e6">
      <child xsi:type="archimate:DiagramObject" id="id-84ba3884fb504cd084f866da85917bf3" archimateElement="id-4c8fcaf86398483e93e103e319eb045b">
        <bounds x="360" y="156" width="577" height="253"/>
      </child>
    </element>
    <element xsi:type="archimate:ArchimateDiagramModel" name="Restaurante " id="id-657770b7110e494399351fa6e089bf48">
      <child xsi:type="archimate:DiagramObject" id="id-684baaf044154cf8a72a5e837db07202" archimateElement="id-07e2f2f4efeb478c8b17d8a0b6fdec5c">
        <bounds x="384" y="108" width="565" height="205"/>
      </child>
    </element>
    <element xsi:type="archimate:ArchimateDiagramModel" name="Matriz" id="id-8d8beb26bd8b418faa8317fb09ea9139">
      <child xsi:type="archimate:DiagramObject" id="id-9e3cfb36fddd4527b049b675a459ae19" archimateElement="id-7efdcd9919e145b6ae37ee2703f6e6d8">
        <bounds x="300" y="84" width="637" height="277"/>
      </child>
    </element>
  </folder>
</archimate:model>
