<?xml version="1.0" encoding="UTF-8"?>
<archimate:model xmlns:xsi="http://www.w3.org/2001/XMLSchema-instance" xmlns:archimate="http://www.archimatetool.com/archimate" name="Marcenaria Schineider's" id="id-abe29a05ecbb40d0b5630072d7b51e12" version="5.0.0">
  <folder name="Strategy" id="id-78222bc247024ba3a7cc568f88f35ea8" type="strategy"/>
  <folder name="Business" id="id-ea0bba8c1c074e50a3cc41db8496ef23" type="business">
    <element xsi:type="archimate:BusinessProcess" name="Compra de matéria prima" id="id-613992380ce04336b07322189b55780b"/>
    <element xsi:type="archimate:BusinessProcess" name="Fabricação de um novo móvel" id="id-f5ac9b9eeb2848a488274a842180e554"/>
    <element xsi:type="archimate:BusinessProcess" name="Restauração de um móvel antigo" id="id-ca81b876ab6946649ab22b63aed2a5b0"/>
    <element xsi:type="archimate:BusinessProcess" name="Elaborar orçamento" id="id-ac3f057a3c034ce4b5b6a54e1d437ff9"/>
    <element xsi:type="archimate:BusinessProcess" name="Transporte" id="id-0e0141399aec41ada0638774e6591607"/>
    <element xsi:type="archimate:BusinessProcess" name="Serviço de carpintaria" id="id-4ac762e5587346faacb6896cbe720871"/>
    <element xsi:type="archimate:BusinessProcess" name="Refina projeto arquitetonico" id="id-96dacb40574d4613b08cb47be971fe49"/>
    <element xsi:type="archimate:BusinessProcess" name="Montagem de móvel" id="id-c4ddd890e7f64d66868bf0feef0069ff"/>
    <element xsi:type="archimate:BusinessProcess" name="Recebe pagamento de entrada" id="id-5d5ab7eb43d7494687cff469bdb5a83a"/>
    <element xsi:type="archimate:BusinessProcess" name="Cria projeto arquitetonico de móveis" id="id-d0c88a83022148338f79e9b0656361cc"/>
    <element xsi:type="archimate:BusinessEvent" name="Recebe pedido de marcenaria" id="id-a0a5b7c5fdfc4f46ac9a052a90abe510"/>
    <element xsi:type="archimate:BusinessProcess" name="Recebe restante do pagamento" id="id-2c26bc30bf3444eb8e63d8d7966cdb6e"/>
    <element xsi:type="archimate:BusinessProcess" name="Realiza transporte com veículo da empresa" id="id-7d48919fa24f4f40bad89e48ae5b470f"/>
    <element xsi:type="archimate:BusinessProcess" name="Terceiriza transporte" id="id-e431e3dac82e4c4fae25c7549b686564"/>
    <element xsi:type="archimate:BusinessProcess" name="Verifica quantidade de material a ser transportado" id="id-04f271a4cf3e4f71aa286740ae98431a"/>
    <element xsi:type="archimate:BusinessEvent" name="Recebe projeto" id="id-49620076c2a843e2b0ff49f891dad92f"/>
    <element xsi:type="archimate:BusinessProcess" name="Realiza visita domiciliar" id="id-71f48628806d44c58457a05c6f6070bc"/>
    <element xsi:type="archimate:BusinessRole" name="Marceneiro" id="id-d1e89bb74936424a90ee9fd56b353063"/>
    <element xsi:type="archimate:BusinessProcess" name="Analisa ambiente de instalação do móvel" id="id-5a229ba3eba84934afad1817b8380792"/>
    <element xsi:type="archimate:BusinessProcess" name="Modifica projeto" id="id-a9e218339f254e4e95a1d7d365ef2335"/>
    <element xsi:type="archimate:BusinessActor" name="Marcenaria" id="id-ddbead50ef0a4588bebc68afbfaebbcd"/>
    <element xsi:type="archimate:BusinessRole" name="Cliente" id="id-7030fdc9d8944dd7b56c9936add699eb"/>
    <element xsi:type="archimate:BusinessRole" name="Arquiteto" id="id-714a30bfcbb748af80cbfb445c6b6885"/>
    <element xsi:type="archimate:BusinessRole" name="Entregador" id="id-f25e690d615b4fa5a83b4d4bba446d51"/>
    <element xsi:type="archimate:BusinessService" name="Criar projeto arquitetonico" id="id-0f96fbd1feec4bbaae042e316bb01475"/>
    <element xsi:type="archimate:BusinessService" name="Realizar transporte de grandes cargas" id="id-266997d481e542f4ae4d3af4ecef1c1e"/>
  </folder>
  <folder name="Application" id="id-716559de554540ef9caf3f39cdd980d8" type="application">
    <element xsi:type="archimate:ApplicationService" name="Controle de Materiais e Equipamentos" id="id-6379fdd2f91b473d9fba85deb0032969"/>
    <element xsi:type="archimate:ApplicationService" name="Gerenciamento de Projetos" id="id-484312e6f15f4a229e5de724f4ff4c7a"/>
    <element xsi:type="archimate:ApplicationService" name="Suporte à Tomada de Decisões" id="id-05fe28f24585467c8aa8b90a1b708311"/>
    <element xsi:type="archimate:ApplicationService" name="Análise Estratégica de Mercado" id="id-166edb42951140ea9e67e374fe243f02"/>
  </folder>
  <folder name="Technology &amp; Physical" id="id-bf3b3e4e1f62407d9ce4127051385357" type="technology"/>
  <folder name="Motivation" id="id-b293c028bb084a94ad14391406e774bd" type="motivation"/>
  <folder name="Implementation &amp; Migration" id="id-103524b349ad42dabe686addec960dd4" type="implementation_migration"/>
  <folder name="Other" id="id-367c025e4b144d6b959c093597f538c5" type="other">
    <element xsi:type="archimate:Junction" name="Junction" id="id-9a6f8a5d17d7468f9c762074d45f24dc" type="or"/>
    <element xsi:type="archimate:Junction" name="Junction" id="id-4704278d83c4481c99c3948ae3a7cb2a" type="or"/>
    <element xsi:type="archimate:Junction" name="Junction" id="id-96488121c50b468fbde91a55c901e135" type="or"/>
  </folder>
  <folder name="Relations" id="id-f0aa418418fd4165af5a056b94de89aa" type="relations">
    <element xsi:type="archimate:TriggeringRelationship" id="id-76c8ee9972474d0eb8c9514642d04c05" source="id-a0a5b7c5fdfc4f46ac9a052a90abe510" target="id-9a6f8a5d17d7468f9c762074d45f24dc"/>
    <element xsi:type="archimate:TriggeringRelationship" name="Sim" id="id-4f2bda4e3e864e64a94ca2a29b254d71" source="id-9a6f8a5d17d7468f9c762074d45f24dc" target="id-96dacb40574d4613b08cb47be971fe49"/>
    <element xsi:type="archimate:TriggeringRelationship" name="Não" id="id-481dad2a6f014674a7fc1f2f2aa10f18" source="id-9a6f8a5d17d7468f9c762074d45f24dc" target="id-d0c88a83022148338f79e9b0656361cc"/>
    <element xsi:type="archimate:TriggeringRelationship" id="id-5ea4d25a38dd4256ac68c9b09ebe323f" source="id-d0c88a83022148338f79e9b0656361cc" target="id-96dacb40574d4613b08cb47be971fe49"/>
    <element xsi:type="archimate:TriggeringRelationship" id="id-c63fd81db7404042a22f17f2aeda7824" source="id-96dacb40574d4613b08cb47be971fe49" target="id-ac3f057a3c034ce4b5b6a54e1d437ff9"/>
    <element xsi:type="archimate:TriggeringRelationship" id="id-7e78d88b0cc8477884769d60bd0dff62" source="id-ac3f057a3c034ce4b5b6a54e1d437ff9" target="id-5d5ab7eb43d7494687cff469bdb5a83a"/>
    <element xsi:type="archimate:TriggeringRelationship" id="id-ba48cd90555b45be8a3ace247e980ef2" source="id-5d5ab7eb43d7494687cff469bdb5a83a" target="id-613992380ce04336b07322189b55780b"/>
    <element xsi:type="archimate:TriggeringRelationship" id="id-bc17fc4aae60488b805670048b51163f" source="id-613992380ce04336b07322189b55780b" target="id-4704278d83c4481c99c3948ae3a7cb2a"/>
    <element xsi:type="archimate:TriggeringRelationship" id="id-4cf73e7e81a24e03b16b66052dc18175" source="id-4704278d83c4481c99c3948ae3a7cb2a" target="id-f5ac9b9eeb2848a488274a842180e554"/>
    <element xsi:type="archimate:TriggeringRelationship" id="id-9cd11749a6a144f2847e770cebc3b0ab" source="id-4704278d83c4481c99c3948ae3a7cb2a" target="id-ca81b876ab6946649ab22b63aed2a5b0"/>
    <element xsi:type="archimate:TriggeringRelationship" id="id-d9874bd496e84b198e94c34869adcc85" source="id-4704278d83c4481c99c3948ae3a7cb2a" target="id-4ac762e5587346faacb6896cbe720871"/>
    <element xsi:type="archimate:TriggeringRelationship" id="id-a22b83655bd04db4ac8996a1d71ee303" source="id-4ac762e5587346faacb6896cbe720871" target="id-0e0141399aec41ada0638774e6591607"/>
    <element xsi:type="archimate:TriggeringRelationship" id="id-0eb73218ce62447f952eb63a86089908" source="id-ca81b876ab6946649ab22b63aed2a5b0" target="id-0e0141399aec41ada0638774e6591607"/>
    <element xsi:type="archimate:TriggeringRelationship" id="id-bd302b2ab6b647edae34a9534eb84f12" source="id-f5ac9b9eeb2848a488274a842180e554" target="id-0e0141399aec41ada0638774e6591607"/>
    <element xsi:type="archimate:TriggeringRelationship" id="id-550fafdd07ba47adb93f394d740e7ba0" source="id-0e0141399aec41ada0638774e6591607" target="id-c4ddd890e7f64d66868bf0feef0069ff"/>
    <element xsi:type="archimate:TriggeringRelationship" id="id-dd90f64dd76e443ab76b32051b73f66f" source="id-c4ddd890e7f64d66868bf0feef0069ff" target="id-2c26bc30bf3444eb8e63d8d7966cdb6e"/>
    <element xsi:type="archimate:CompositionRelationship" id="id-14d97df316db407daa65957291fe52fc" source="id-0e0141399aec41ada0638774e6591607" target="id-e431e3dac82e4c4fae25c7549b686564"/>
    <element xsi:type="archimate:CompositionRelationship" id="id-487623233d7b42ddaca09e0af5a69320" source="id-0e0141399aec41ada0638774e6591607" target="id-7d48919fa24f4f40bad89e48ae5b470f"/>
    <element xsi:type="archimate:CompositionRelationship" id="id-205c3639e6ac47d98374d9cd75b336b4" source="id-0e0141399aec41ada0638774e6591607" target="id-04f271a4cf3e4f71aa286740ae98431a"/>
    <element xsi:type="archimate:TriggeringRelationship" id="id-56e863037e34458ebd55387bcdd79cba" source="id-04f271a4cf3e4f71aa286740ae98431a" target="id-96488121c50b468fbde91a55c901e135"/>
    <element xsi:type="archimate:TriggeringRelationship" name="Não" id="id-0e62d5e7ee6b45d4a803b2f83a982875" source="id-96488121c50b468fbde91a55c901e135" target="id-7d48919fa24f4f40bad89e48ae5b470f"/>
    <element xsi:type="archimate:TriggeringRelationship" name="Sim" id="id-bef94bd5e4484fafb09dbe8b625a7774" source="id-96488121c50b468fbde91a55c901e135" target="id-e431e3dac82e4c4fae25c7549b686564"/>
    <element xsi:type="archimate:CompositionRelationship" id="id-4f0af226dd884fe9b49bbe46da5b7657" source="id-96dacb40574d4613b08cb47be971fe49" target="id-71f48628806d44c58457a05c6f6070bc"/>
    <element xsi:type="archimate:AssignmentRelationship" id="id-dd6545b1c7144c1b8a71cd2481389761" source="id-d1e89bb74936424a90ee9fd56b353063" target="id-71f48628806d44c58457a05c6f6070bc"/>
    <element xsi:type="archimate:TriggeringRelationship" id="id-1d1544118a5149cfb61e2d63628015ea" source="id-49620076c2a843e2b0ff49f891dad92f" target="id-71f48628806d44c58457a05c6f6070bc"/>
    <element xsi:type="archimate:CompositionRelationship" id="id-6a91a3a5a9554455932fc86fccdd3e74" source="id-96dacb40574d4613b08cb47be971fe49" target="id-5a229ba3eba84934afad1817b8380792"/>
    <element xsi:type="archimate:CompositionRelationship" id="id-9740642ed44341d79cd378bf409dd6b4" source="id-96dacb40574d4613b08cb47be971fe49" target="id-a9e218339f254e4e95a1d7d365ef2335"/>
    <element xsi:type="archimate:TriggeringRelationship" id="id-6d97a9091fae43a39c7353101d0bb159" source="id-71f48628806d44c58457a05c6f6070bc" target="id-5a229ba3eba84934afad1817b8380792"/>
    <element xsi:type="archimate:TriggeringRelationship" id="id-894ac11a8edb4dc8ac5516d265d65e72" source="id-5a229ba3eba84934afad1817b8380792" target="id-a9e218339f254e4e95a1d7d365ef2335"/>
    <element xsi:type="archimate:AssignmentRelationship" id="id-6ca0bc4a371742d9bc0a363509a6d672" source="id-ddbead50ef0a4588bebc68afbfaebbcd" target="id-613992380ce04336b07322189b55780b"/>
    <element xsi:type="archimate:AssignmentRelationship" id="id-38fbd69973284e74aa9bd9f31f8d9b69" source="id-ddbead50ef0a4588bebc68afbfaebbcd" target="id-f5ac9b9eeb2848a488274a842180e554"/>
    <element xsi:type="archimate:AssignmentRelationship" id="id-213ef3ccd35443a1b4ae43d893335411" source="id-ddbead50ef0a4588bebc68afbfaebbcd" target="id-ca81b876ab6946649ab22b63aed2a5b0"/>
    <element xsi:type="archimate:AssignmentRelationship" id="id-a6c772349caa4bb6960083b6e3b6bc5e" source="id-ddbead50ef0a4588bebc68afbfaebbcd" target="id-ac3f057a3c034ce4b5b6a54e1d437ff9"/>
    <element xsi:type="archimate:AssignmentRelationship" id="id-8bc840f01ee4458e86f65da7d579300c" source="id-ddbead50ef0a4588bebc68afbfaebbcd" target="id-0e0141399aec41ada0638774e6591607"/>
    <element xsi:type="archimate:AssignmentRelationship" id="id-1e644a4a714943eca22112cdc657d657" source="id-ddbead50ef0a4588bebc68afbfaebbcd" target="id-4ac762e5587346faacb6896cbe720871"/>
    <element xsi:type="archimate:AssignmentRelationship" id="id-f1c84bf7baa14c8db6694f294d259b1a" source="id-ddbead50ef0a4588bebc68afbfaebbcd" target="id-96dacb40574d4613b08cb47be971fe49"/>
    <element xsi:type="archimate:AssignmentRelationship" id="id-a3637da469564c6bb621b8c8dd9f8cb6" source="id-ddbead50ef0a4588bebc68afbfaebbcd" target="id-c4ddd890e7f64d66868bf0feef0069ff"/>
    <element xsi:type="archimate:AssignmentRelationship" id="id-d539643c972141948355eed5ea99b41c" source="id-ddbead50ef0a4588bebc68afbfaebbcd" target="id-5d5ab7eb43d7494687cff469bdb5a83a"/>
    <element xsi:type="archimate:AssignmentRelationship" id="id-ae219e2741a341ec9d85e434ed0981d9" source="id-ddbead50ef0a4588bebc68afbfaebbcd" target="id-d0c88a83022148338f79e9b0656361cc"/>
    <element xsi:type="archimate:AssignmentRelationship" id="id-8ab8c1a2330d45eda203d99686c6a726" source="id-ddbead50ef0a4588bebc68afbfaebbcd" target="id-2c26bc30bf3444eb8e63d8d7966cdb6e"/>
    <element xsi:type="archimate:AssignmentRelationship" id="id-2ffcc00b8b4d494d875a5dcec3517a32" source="id-d1e89bb74936424a90ee9fd56b353063" target="id-c4ddd890e7f64d66868bf0feef0069ff"/>
    <element xsi:type="archimate:AssignmentRelationship" id="id-e89473ffdec84914b786220d4c849097" source="id-f25e690d615b4fa5a83b4d4bba446d51" target="id-e431e3dac82e4c4fae25c7549b686564"/>
    <element xsi:type="archimate:AssignmentRelationship" id="id-df3b168a32324a35af3a7d23befda93f" source="id-d1e89bb74936424a90ee9fd56b353063" target="id-7d48919fa24f4f40bad89e48ae5b470f"/>
    <element xsi:type="archimate:ServingRelationship" id="id-d283eab771d940d6bce1a86fcfb87ad2" source="id-0f96fbd1feec4bbaae042e316bb01475" target="id-714a30bfcbb748af80cbfb445c6b6885"/>
    <element xsi:type="archimate:ServingRelationship" id="id-f5e63dd2c8374742b46d81ace240780f" source="id-266997d481e542f4ae4d3af4ecef1c1e" target="id-f25e690d615b4fa5a83b4d4bba446d51"/>
    <element xsi:type="archimate:ServingRelationship" id="id-fa96634309324fccba42e7e137b29e87" source="id-0f96fbd1feec4bbaae042e316bb01475" target="id-d1e89bb74936424a90ee9fd56b353063"/>
    <element xsi:type="archimate:TriggeringRelationship" id="id-e44f9110cffe49b1993a88725b847eef" source="id-a0a5b7c5fdfc4f46ac9a052a90abe510" target="id-7030fdc9d8944dd7b56c9936add699eb"/>
    <element xsi:type="archimate:RealizationRelationship" id="id-8389dfd059344842a7b62247459fb124" source="id-96dacb40574d4613b08cb47be971fe49" target="id-0f96fbd1feec4bbaae042e316bb01475"/>
    <element xsi:type="archimate:ServingRelationship" id="id-bbb7288da03f4e99af6a1a3628d03499" source="id-6379fdd2f91b473d9fba85deb0032969" target="id-613992380ce04336b07322189b55780b"/>
    <element xsi:type="archimate:ServingRelationship" id="id-a9bcfadb5cd64a20b0114655101c237c" source="id-484312e6f15f4a229e5de724f4ff4c7a" target="id-4ac762e5587346faacb6896cbe720871"/>
    <element xsi:type="archimate:ServingRelationship" id="id-b8807ebb56d6405ea69ba90fbd2f0ef6" source="id-484312e6f15f4a229e5de724f4ff4c7a" target="id-ca81b876ab6946649ab22b63aed2a5b0"/>
    <element xsi:type="archimate:ServingRelationship" id="id-c20cfe0227544180af16b21be80e57f3" source="id-484312e6f15f4a229e5de724f4ff4c7a" target="id-f5ac9b9eeb2848a488274a842180e554"/>
  </folder>
  <folder name="Views" id="id-08e4aa9c6e9d49ce80fb2163fbc0600d" type="diagrams">
    <folder name="Processo de negócio" id="id-26c852f238b640958d21fc457054e096">
      <element xsi:type="archimate:ArchimateDiagramModel" name="Transporte" id="id-23fa65da07b040109a308bf6d42d0e4b">
        <child xsi:type="archimate:DiagramObject" id="id-29447313ab6d455982c1a8e551f06947" archimateElement="id-0e0141399aec41ada0638774e6591607">
          <bounds x="144" y="144" width="685" height="349"/>
          <sourceConnection xsi:type="archimate:Connection" id="id-523e59eef1804b9cac545dcd3b592d60" source="id-29447313ab6d455982c1a8e551f06947" target="id-b11c19cc73674e189ee61b3aa892e1df" archimateRelationship="id-14d97df316db407daa65957291fe52fc"/>
          <sourceConnection xsi:type="archimate:Connection" id="id-f521ee60cc36461ea9a8749947e159d4" source="id-29447313ab6d455982c1a8e551f06947" target="id-304a8e7e69144d5a9fab713ab4d7cd7f" archimateRelationship="id-487623233d7b42ddaca09e0af5a69320"/>
          <sourceConnection xsi:type="archimate:Connection" id="id-75663993130c411f84ce101df072ff98" source="id-29447313ab6d455982c1a8e551f06947" target="id-529eed97195b4a75974f5d6174561631" archimateRelationship="id-205c3639e6ac47d98374d9cd75b336b4"/>
          <child xsi:type="archimate:DiagramObject" id="id-b11c19cc73674e189ee61b3aa892e1df" targetConnections="id-523e59eef1804b9cac545dcd3b592d60 id-4d06dca6ac294f8a8e1d729f5a352bcc id-bb4347488ea04eb8bfeb6606c88470ed" archimateElement="id-e431e3dac82e4c4fae25c7549b686564">
            <bounds x="504" y="228" width="120" height="55"/>
          </child>
          <child xsi:type="archimate:DiagramObject" id="id-304a8e7e69144d5a9fab713ab4d7cd7f" targetConnections="id-f521ee60cc36461ea9a8749947e159d4 id-1cbbbacbd8fe4734a1cf494800a4564c id-c36e33a6fcf94050ba8569a29ba69ddc" archimateElement="id-7d48919fa24f4f40bad89e48ae5b470f">
            <bounds x="494" y="53" width="140" height="73"/>
          </child>
          <child xsi:type="archimate:DiagramObject" id="id-529eed97195b4a75974f5d6174561631" targetConnections="id-75663993130c411f84ce101df072ff98" archimateElement="id-04f271a4cf3e4f71aa286740ae98431a">
            <bounds x="48" y="144" width="136" height="70"/>
            <sourceConnection xsi:type="archimate:Connection" id="id-65c0a11f30a54ea79aa9091c7be449a0" source="id-529eed97195b4a75974f5d6174561631" target="id-b64433b704f8461ebc6a23fd4199eb30" archimateRelationship="id-56e863037e34458ebd55387bcdd79cba"/>
          </child>
          <child xsi:type="archimate:DiagramObject" id="id-b64433b704f8461ebc6a23fd4199eb30" targetConnections="id-65c0a11f30a54ea79aa9091c7be449a0" archimateElement="id-96488121c50b468fbde91a55c901e135">
            <bounds x="396" y="171" width="15" height="15"/>
            <sourceConnection xsi:type="archimate:Connection" id="id-1cbbbacbd8fe4734a1cf494800a4564c" source="id-b64433b704f8461ebc6a23fd4199eb30" target="id-304a8e7e69144d5a9fab713ab4d7cd7f" archimateRelationship="id-0e62d5e7ee6b45d4a803b2f83a982875"/>
            <sourceConnection xsi:type="archimate:Connection" id="id-4d06dca6ac294f8a8e1d729f5a352bcc" source="id-b64433b704f8461ebc6a23fd4199eb30" target="id-b11c19cc73674e189ee61b3aa892e1df" archimateRelationship="id-bef94bd5e4484fafb09dbe8b625a7774"/>
          </child>
          <child xsi:type="archimate:Note" id="id-1cd3188ad7b443acb0edee96bfae7ab4" textAlignment="1">
            <bounds x="216" y="125" width="181" height="47"/>
            <content>Excede a capacidade do veículo de transporte da empresa?</content>
          </child>
        </child>
        <child xsi:type="archimate:DiagramObject" id="id-8426eb36d27b4769836abd105474a001" archimateElement="id-f25e690d615b4fa5a83b4d4bba446d51">
          <bounds x="960" y="360" width="120" height="55"/>
          <sourceConnection xsi:type="archimate:Connection" id="id-bb4347488ea04eb8bfeb6606c88470ed" source="id-8426eb36d27b4769836abd105474a001" target="id-b11c19cc73674e189ee61b3aa892e1df" archimateRelationship="id-e89473ffdec84914b786220d4c849097"/>
        </child>
        <child xsi:type="archimate:DiagramObject" id="id-23f5ef8e498d4753ad037b89650d140b" archimateElement="id-d1e89bb74936424a90ee9fd56b353063">
          <bounds x="960" y="216" width="120" height="55"/>
          <sourceConnection xsi:type="archimate:Connection" id="id-c36e33a6fcf94050ba8569a29ba69ddc" source="id-23f5ef8e498d4753ad037b89650d140b" target="id-304a8e7e69144d5a9fab713ab4d7cd7f" archimateRelationship="id-df3b168a32324a35af3a7d23befda93f"/>
        </child>
      </element>
      <element xsi:type="archimate:ArchimateDiagramModel" name="Refina projeto arquitetonico" id="id-c3f5d7cdde4b4ef3a584fb10a84f8d5f">
        <child xsi:type="archimate:DiagramObject" id="id-c0119b0e31774e1295236f509bcb7cc1" archimateElement="id-96dacb40574d4613b08cb47be971fe49">
          <bounds x="312" y="180" width="637" height="229"/>
          <sourceConnection xsi:type="archimate:Connection" id="id-13f4de5f685c4397ad6388c6582327ef" source="id-c0119b0e31774e1295236f509bcb7cc1" target="id-e6d1d339fb1c4788892fcbdc3264f9ed" archimateRelationship="id-4f0af226dd884fe9b49bbe46da5b7657"/>
          <sourceConnection xsi:type="archimate:Connection" id="id-829c98d04a5a4b9abf442d659f111e96" source="id-c0119b0e31774e1295236f509bcb7cc1" target="id-97b749bd77d747588307570124c7a864" archimateRelationship="id-6a91a3a5a9554455932fc86fccdd3e74"/>
          <sourceConnection xsi:type="archimate:Connection" id="id-ae74db7e76d847309bec612240ebd0ae" source="id-c0119b0e31774e1295236f509bcb7cc1" target="id-a3348f8a6a8044fc9e7d28cce981a1ff" archimateRelationship="id-9740642ed44341d79cd378bf409dd6b4"/>
          <child xsi:type="archimate:DiagramObject" id="id-e6d1d339fb1c4788892fcbdc3264f9ed" targetConnections="id-13f4de5f685c4397ad6388c6582327ef id-0e29fc698cd64ea9aa71b0055a31c855 id-05465039ad6f460aa88111ba4f7ae258" archimateElement="id-71f48628806d44c58457a05c6f6070bc">
            <bounds x="60" y="84" width="120" height="55"/>
            <sourceConnection xsi:type="archimate:Connection" id="id-aa0a130e728b47db99818f8470f6ac44" source="id-e6d1d339fb1c4788892fcbdc3264f9ed" target="id-97b749bd77d747588307570124c7a864" archimateRelationship="id-6d97a9091fae43a39c7353101d0bb159"/>
          </child>
          <child xsi:type="archimate:DiagramObject" id="id-97b749bd77d747588307570124c7a864" targetConnections="id-829c98d04a5a4b9abf442d659f111e96 id-aa0a130e728b47db99818f8470f6ac44" archimateElement="id-5a229ba3eba84934afad1817b8380792">
            <bounds x="252" y="82" width="138" height="75"/>
            <sourceConnection xsi:type="archimate:Connection" id="id-f5bfcac2166e456883a01e813914aa4a" source="id-97b749bd77d747588307570124c7a864" target="id-a3348f8a6a8044fc9e7d28cce981a1ff" archimateRelationship="id-894ac11a8edb4dc8ac5516d265d65e72"/>
          </child>
          <child xsi:type="archimate:DiagramObject" id="id-a3348f8a6a8044fc9e7d28cce981a1ff" targetConnections="id-ae74db7e76d847309bec612240ebd0ae id-f5bfcac2166e456883a01e813914aa4a" archimateElement="id-a9e218339f254e4e95a1d7d365ef2335">
            <bounds x="456" y="84" width="120" height="55"/>
          </child>
        </child>
        <child xsi:type="archimate:DiagramObject" id="id-0208ec50c4304ec585809683d86eb560" archimateElement="id-49620076c2a843e2b0ff49f891dad92f" type="1">
          <bounds x="168" y="264" width="109" height="49"/>
          <sourceConnection xsi:type="archimate:Connection" id="id-05465039ad6f460aa88111ba4f7ae258" source="id-0208ec50c4304ec585809683d86eb560" target="id-e6d1d339fb1c4788892fcbdc3264f9ed" archimateRelationship="id-1d1544118a5149cfb61e2d63628015ea"/>
        </child>
        <child xsi:type="archimate:DiagramObject" id="id-9578e6e6bca64b85a5d0e9e927404c35" archimateElement="id-d1e89bb74936424a90ee9fd56b353063">
          <bounds x="384" y="84" width="120" height="55"/>
          <sourceConnection xsi:type="archimate:Connection" id="id-0e29fc698cd64ea9aa71b0055a31c855" source="id-9578e6e6bca64b85a5d0e9e927404c35" target="id-e6d1d339fb1c4788892fcbdc3264f9ed" archimateRelationship="id-dd6545b1c7144c1b8a71cd2481389761"/>
        </child>
      </element>
    </folder>
    <element xsi:type="archimate:ArchimateDiagramModel" name="Camada de negocios" id="id-634584df4a5a45348cbb60154b0ac5e7">
      <child xsi:type="archimate:Group" id="id-7011a49be1e449b4bff8f40675869e35" name="Atores e Papeis Externos" textAlignment="1">
        <bounds x="192" y="48" width="709" height="145"/>
        <child xsi:type="archimate:DiagramObject" id="id-c99e7977f3024ce89355ce4b6523f41e" targetConnections="id-ddd075657a85489caaa6b0e255afd593" archimateElement="id-7030fdc9d8944dd7b56c9936add699eb">
          <bounds x="72" y="59" width="120" height="55"/>
        </child>
        <child xsi:type="archimate:DiagramObject" id="id-65115abe059447588313fe45874d1343" targetConnections="id-732575fd86504c90b57391fce0783c45" archimateElement="id-714a30bfcbb748af80cbfb445c6b6885">
          <bounds x="288" y="59" width="120" height="55"/>
        </child>
        <child xsi:type="archimate:DiagramObject" id="id-5222fb62d7f54b4b95288be468b1dfe6" targetConnections="id-5e7b54d0a49042e0bac0d4453ad344ec" archimateElement="id-f25e690d615b4fa5a83b4d4bba446d51">
          <bounds x="492" y="59" width="120" height="55"/>
        </child>
      </child>
      <child xsi:type="archimate:Group" id="id-ecf2a304fd154420b691c0b4da1f1e2f" name="Serviços Externos de Negocio" textAlignment="1">
        <bounds x="192" y="228" width="709" height="140"/>
        <child xsi:type="archimate:DiagramObject" id="id-41cb87d0d977429d89dc267c4280b638" targetConnections="id-612e527661fc454a92987c09b3ad484b" archimateElement="id-0f96fbd1feec4bbaae042e316bb01475" type="1">
          <bounds x="288" y="48" width="120" height="55"/>
          <sourceConnection xsi:type="archimate:Connection" id="id-732575fd86504c90b57391fce0783c45" source="id-41cb87d0d977429d89dc267c4280b638" target="id-65115abe059447588313fe45874d1343" archimateRelationship="id-d283eab771d940d6bce1a86fcfb87ad2"/>
          <sourceConnection xsi:type="archimate:Connection" id="id-d0ef8ddd09c948f4a295e05d0dced134" source="id-41cb87d0d977429d89dc267c4280b638" target="id-2c833bf9e08e41229e0726e70159d499" archimateRelationship="id-fa96634309324fccba42e7e137b29e87"/>
        </child>
        <child xsi:type="archimate:DiagramObject" id="id-eba9e4ec62184c3f81cd264bee5f6416" archimateElement="id-266997d481e542f4ae4d3af4ecef1c1e" type="1">
          <bounds x="480" y="48" width="120" height="55"/>
          <sourceConnection xsi:type="archimate:Connection" id="id-5e7b54d0a49042e0bac0d4453ad344ec" source="id-eba9e4ec62184c3f81cd264bee5f6416" target="id-5222fb62d7f54b4b95288be468b1dfe6" archimateRelationship="id-f5e63dd2c8374742b46d81ace240780f"/>
        </child>
      </child>
      <child xsi:type="archimate:Group" id="id-2aab7c00020044e097f407700e9685ab" name="Processo de Negocio e Papeis Internos" textAlignment="1">
        <bounds x="-552" y="396" width="1993" height="565"/>
        <child xsi:type="archimate:DiagramObject" id="id-dbe33e12081946859ba80acc085804f3" archimateElement="id-ddbead50ef0a4588bebc68afbfaebbcd">
          <bounds x="192" y="156" width="1765" height="385"/>
          <sourceConnection xsi:type="archimate:Connection" id="id-5f2e7c9398f747f4b3248107b080115c" source="id-dbe33e12081946859ba80acc085804f3" target="id-95646de1d9d044ada05ea20aa097a574" archimateRelationship="id-d539643c972141948355eed5ea99b41c"/>
          <sourceConnection xsi:type="archimate:Connection" id="id-a11c4bcbc3964adcbd8ea71d672ddc05" source="id-dbe33e12081946859ba80acc085804f3" target="id-9006975f9d06487a81c17da6615e4dea" archimateRelationship="id-1e644a4a714943eca22112cdc657d657"/>
          <sourceConnection xsi:type="archimate:Connection" id="id-fa7588d5830b41338bc496ed1a9d977f" source="id-dbe33e12081946859ba80acc085804f3" target="id-4f9e3ffd3abc46499ea24a2a13f825c5" archimateRelationship="id-a6c772349caa4bb6960083b6e3b6bc5e"/>
          <sourceConnection xsi:type="archimate:Connection" id="id-0f40ac6bace64a8c8cbfc6ab89c11ec9" source="id-dbe33e12081946859ba80acc085804f3" target="id-800adf1bb02e45f598a6d5634bd62d38" archimateRelationship="id-38fbd69973284e74aa9bd9f31f8d9b69"/>
          <sourceConnection xsi:type="archimate:Connection" id="id-cb02368b6f434a9a8eb5190a22fa2345" source="id-dbe33e12081946859ba80acc085804f3" target="id-cc60c5c611e74b71aff75ba86405858d" archimateRelationship="id-a3637da469564c6bb621b8c8dd9f8cb6"/>
          <sourceConnection xsi:type="archimate:Connection" id="id-add4b7d65127435b9d6582d5c801a62f" source="id-dbe33e12081946859ba80acc085804f3" target="id-37fa205eebfd4b65a28af9918829bd3d" archimateRelationship="id-8ab8c1a2330d45eda203d99686c6a726"/>
          <sourceConnection xsi:type="archimate:Connection" id="id-7e4b482459f34c8782ade64bc1b2e358" source="id-dbe33e12081946859ba80acc085804f3" target="id-98054015e617409790c3a50aa222b141" archimateRelationship="id-ae219e2741a341ec9d85e434ed0981d9"/>
          <sourceConnection xsi:type="archimate:Connection" id="id-bf4ed812703047fa815fbff84f817c5b" source="id-dbe33e12081946859ba80acc085804f3" target="id-be894d38635e4ef185be4eb88d33bb61" archimateRelationship="id-6ca0bc4a371742d9bc0a363509a6d672"/>
          <sourceConnection xsi:type="archimate:Connection" id="id-02fab083e6064ac4b45f3ecd078ffe8a" source="id-dbe33e12081946859ba80acc085804f3" target="id-f66cad8788394e5c80974ed69f5a393b" archimateRelationship="id-213ef3ccd35443a1b4ae43d893335411"/>
          <sourceConnection xsi:type="archimate:Connection" id="id-070c976ae7b348bd8ed5cd1eeffd348c" source="id-dbe33e12081946859ba80acc085804f3" target="id-d93e7601b27d419c8ddcf31a31d5e0b7" archimateRelationship="id-f1c84bf7baa14c8db6694f294d259b1a"/>
          <sourceConnection xsi:type="archimate:Connection" id="id-1891773ae2e34b46accd9a8231badae4" source="id-dbe33e12081946859ba80acc085804f3" target="id-88294d6821d74daf88f220c38d47f7ca" archimateRelationship="id-8bc840f01ee4458e86f65da7d579300c"/>
          <child xsi:type="archimate:DiagramObject" id="id-be894d38635e4ef185be4eb88d33bb61" targetConnections="id-a4e87debb42541a3a9af9f1f3cc6b93a id-bf4ed812703047fa815fbff84f817c5b id-d8854984685d436a91ae309bdcac2d78" archimateElement="id-613992380ce04336b07322189b55780b">
            <bounds x="816" y="168" width="120" height="55"/>
            <sourceConnection xsi:type="archimate:Connection" id="id-5a18f3271454468f8ecb10b9296d5117" source="id-be894d38635e4ef185be4eb88d33bb61" target="id-a193573d0bb44a509893b0a0101e058f" archimateRelationship="id-bc17fc4aae60488b805670048b51163f"/>
          </child>
          <child xsi:type="archimate:DiagramObject" id="id-800adf1bb02e45f598a6d5634bd62d38" targetConnections="id-af0dc989ea3a402ebdf164af5401997b id-0f40ac6bace64a8c8cbfc6ab89c11ec9 id-1043807dff9b46ff9c3b6621d56ab7ef" archimateElement="id-f5ac9b9eeb2848a488274a842180e554">
            <bounds x="1080" y="36" width="120" height="55"/>
            <sourceConnection xsi:type="archimate:Connection" id="id-e91a4b6a7fa64d72b7bfdc7c4d1d85ba" source="id-800adf1bb02e45f598a6d5634bd62d38" target="id-88294d6821d74daf88f220c38d47f7ca" archimateRelationship="id-bd302b2ab6b647edae34a9534eb84f12"/>
          </child>
          <child xsi:type="archimate:DiagramObject" id="id-f66cad8788394e5c80974ed69f5a393b" targetConnections="id-d8167900eae243f885fb1c70e2e36b99 id-02fab083e6064ac4b45f3ecd078ffe8a id-e6c7bc62dba8440591f282ee61cd1e8b" archimateElement="id-ca81b876ab6946649ab22b63aed2a5b0">
            <bounds x="1080" y="168" width="120" height="55"/>
            <sourceConnection xsi:type="archimate:Connection" id="id-46ce1e7c970d48f190c8845d10716898" source="id-f66cad8788394e5c80974ed69f5a393b" target="id-88294d6821d74daf88f220c38d47f7ca" archimateRelationship="id-0eb73218ce62447f952eb63a86089908"/>
          </child>
          <child xsi:type="archimate:DiagramObject" id="id-4f9e3ffd3abc46499ea24a2a13f825c5" targetConnections="id-fa7588d5830b41338bc496ed1a9d977f id-7a2433029f0340789e06b96857b503fa" archimateElement="id-ac3f057a3c034ce4b5b6a54e1d437ff9">
            <bounds x="456" y="168" width="120" height="55"/>
            <sourceConnection xsi:type="archimate:Connection" id="id-50b3ed1fb3b744b4896c926cdb18f906" source="id-4f9e3ffd3abc46499ea24a2a13f825c5" target="id-95646de1d9d044ada05ea20aa097a574" archimateRelationship="id-7e78d88b0cc8477884769d60bd0dff62"/>
          </child>
          <child xsi:type="archimate:DiagramObject" id="id-88294d6821d74daf88f220c38d47f7ca" targetConnections="id-46ce1e7c970d48f190c8845d10716898 id-e91a4b6a7fa64d72b7bfdc7c4d1d85ba id-1891773ae2e34b46accd9a8231badae4 id-bad9686adb8041669ab8a54d07c121f0" archimateElement="id-0e0141399aec41ada0638774e6591607">
            <bounds x="1260" y="168" width="120" height="55"/>
            <sourceConnection xsi:type="archimate:Connection" id="id-6bdcc05999934c7bbae81d5526b28eca" source="id-88294d6821d74daf88f220c38d47f7ca" target="id-cc60c5c611e74b71aff75ba86405858d" archimateRelationship="id-550fafdd07ba47adb93f394d740e7ba0"/>
          </child>
          <child xsi:type="archimate:DiagramObject" id="id-9006975f9d06487a81c17da6615e4dea" targetConnections="id-e94ffe128bc343829e9046c3f182993f id-a11c4bcbc3964adcbd8ea71d672ddc05 id-ec3db1cdd63344c99152ae4b7616c32a" archimateElement="id-4ac762e5587346faacb6896cbe720871">
            <bounds x="1080" y="300" width="120" height="55"/>
            <sourceConnection xsi:type="archimate:Connection" id="id-bad9686adb8041669ab8a54d07c121f0" source="id-9006975f9d06487a81c17da6615e4dea" target="id-88294d6821d74daf88f220c38d47f7ca" archimateRelationship="id-a22b83655bd04db4ac8996a1d71ee303"/>
          </child>
          <child xsi:type="archimate:DiagramObject" id="id-d93e7601b27d419c8ddcf31a31d5e0b7" targetConnections="id-e5562a2eeb674762acf2f5fd55c1e2ee id-bef9711209794733a7cc4b2fd455e488 id-070c976ae7b348bd8ed5cd1eeffd348c" archimateElement="id-96dacb40574d4613b08cb47be971fe49">
            <bounds x="264" y="168" width="120" height="55"/>
            <sourceConnection xsi:type="archimate:Connection" id="id-7a2433029f0340789e06b96857b503fa" source="id-d93e7601b27d419c8ddcf31a31d5e0b7" target="id-4f9e3ffd3abc46499ea24a2a13f825c5" archimateRelationship="id-c63fd81db7404042a22f17f2aeda7824"/>
            <sourceConnection xsi:type="archimate:Connection" id="id-612e527661fc454a92987c09b3ad484b" source="id-d93e7601b27d419c8ddcf31a31d5e0b7" target="id-41cb87d0d977429d89dc267c4280b638" archimateRelationship="id-8389dfd059344842a7b62247459fb124"/>
          </child>
          <child xsi:type="archimate:DiagramObject" id="id-cc60c5c611e74b71aff75ba86405858d" targetConnections="id-6bdcc05999934c7bbae81d5526b28eca id-cb02368b6f434a9a8eb5190a22fa2345 id-ddb58704804041668b3eaf1371592f2c" archimateElement="id-c4ddd890e7f64d66868bf0feef0069ff">
            <bounds x="1428" y="168" width="120" height="55"/>
            <sourceConnection xsi:type="archimate:Connection" id="id-9f7e6aac8eb843ec80cded0cc82f558f" source="id-cc60c5c611e74b71aff75ba86405858d" target="id-37fa205eebfd4b65a28af9918829bd3d" archimateRelationship="id-dd90f64dd76e443ab76b32051b73f66f"/>
          </child>
          <child xsi:type="archimate:DiagramObject" id="id-95646de1d9d044ada05ea20aa097a574" targetConnections="id-5f2e7c9398f747f4b3248107b080115c id-50b3ed1fb3b744b4896c926cdb18f906" archimateElement="id-5d5ab7eb43d7494687cff469bdb5a83a">
            <bounds x="636" y="168" width="120" height="55"/>
            <sourceConnection xsi:type="archimate:Connection" id="id-a4e87debb42541a3a9af9f1f3cc6b93a" source="id-95646de1d9d044ada05ea20aa097a574" target="id-be894d38635e4ef185be4eb88d33bb61" archimateRelationship="id-ba48cd90555b45be8a3ace247e980ef2"/>
          </child>
          <child xsi:type="archimate:DiagramObject" id="id-98054015e617409790c3a50aa222b141" targetConnections="id-51af31e44b94404288d85aa0fbcec63d id-7e4b482459f34c8782ade64bc1b2e358" archimateElement="id-d0c88a83022148338f79e9b0656361cc">
            <bounds x="72" y="300" width="120" height="55"/>
            <sourceConnection xsi:type="archimate:Connection" id="id-bef9711209794733a7cc4b2fd455e488" source="id-98054015e617409790c3a50aa222b141" target="id-d93e7601b27d419c8ddcf31a31d5e0b7" archimateRelationship="id-5ea4d25a38dd4256ac68c9b09ebe323f"/>
          </child>
          <child xsi:type="archimate:DiagramObject" id="id-48cb7e51e9eb4295a56b0bf332a82dfe" targetConnections="id-0d914c0264ff47d583dc41f91ecd8013" archimateElement="id-9a6f8a5d17d7468f9c762074d45f24dc">
            <bounds x="96" y="180" width="15" height="15"/>
            <sourceConnection xsi:type="archimate:Connection" id="id-51af31e44b94404288d85aa0fbcec63d" source="id-48cb7e51e9eb4295a56b0bf332a82dfe" target="id-98054015e617409790c3a50aa222b141" archimateRelationship="id-481dad2a6f014674a7fc1f2f2aa10f18"/>
            <sourceConnection xsi:type="archimate:Connection" id="id-e5562a2eeb674762acf2f5fd55c1e2ee" source="id-48cb7e51e9eb4295a56b0bf332a82dfe" target="id-d93e7601b27d419c8ddcf31a31d5e0b7" archimateRelationship="id-4f2bda4e3e864e64a94ca2a29b254d71"/>
          </child>
          <child xsi:type="archimate:Note" id="id-6bc5c3954b2045179099511d3ffdb425" textAlignment="1">
            <bounds x="120" y="133" width="121" height="36"/>
            <content>Possui projeto?&#xD;
</content>
          </child>
          <child xsi:type="archimate:DiagramObject" id="id-a193573d0bb44a509893b0a0101e058f" targetConnections="id-5a18f3271454468f8ecb10b9296d5117" archimateElement="id-4704278d83c4481c99c3948ae3a7cb2a">
            <bounds x="990" y="190" width="15" height="15"/>
            <sourceConnection xsi:type="archimate:Connection" id="id-e94ffe128bc343829e9046c3f182993f" source="id-a193573d0bb44a509893b0a0101e058f" target="id-9006975f9d06487a81c17da6615e4dea" archimateRelationship="id-d9874bd496e84b198e94c34869adcc85"/>
            <sourceConnection xsi:type="archimate:Connection" id="id-d8167900eae243f885fb1c70e2e36b99" source="id-a193573d0bb44a509893b0a0101e058f" target="id-f66cad8788394e5c80974ed69f5a393b" archimateRelationship="id-9cd11749a6a144f2847e770cebc3b0ab"/>
            <sourceConnection xsi:type="archimate:Connection" id="id-af0dc989ea3a402ebdf164af5401997b" source="id-a193573d0bb44a509893b0a0101e058f" target="id-800adf1bb02e45f598a6d5634bd62d38" archimateRelationship="id-4cf73e7e81a24e03b16b66052dc18175"/>
          </child>
          <child xsi:type="archimate:DiagramObject" id="id-37fa205eebfd4b65a28af9918829bd3d" targetConnections="id-add4b7d65127435b9d6582d5c801a62f id-9f7e6aac8eb843ec80cded0cc82f558f" archimateElement="id-2c26bc30bf3444eb8e63d8d7966cdb6e">
            <bounds x="1620" y="168" width="120" height="55"/>
          </child>
        </child>
        <child xsi:type="archimate:DiagramObject" id="id-9bd04a7747ef43f0b67fdb96385a966e" archimateElement="id-a0a5b7c5fdfc4f46ac9a052a90abe510" type="1">
          <bounds x="252" y="60" width="133" height="55"/>
          <sourceConnection xsi:type="archimate:Connection" id="id-0d914c0264ff47d583dc41f91ecd8013" source="id-9bd04a7747ef43f0b67fdb96385a966e" target="id-48cb7e51e9eb4295a56b0bf332a82dfe" archimateRelationship="id-76c8ee9972474d0eb8c9514642d04c05"/>
          <sourceConnection xsi:type="archimate:Connection" id="id-ddd075657a85489caaa6b0e255afd593" source="id-9bd04a7747ef43f0b67fdb96385a966e" target="id-c99e7977f3024ce89355ce4b6523f41e" archimateRelationship="id-e44f9110cffe49b1993a88725b847eef"/>
        </child>
        <child xsi:type="archimate:DiagramObject" id="id-2c833bf9e08e41229e0726e70159d499" targetConnections="id-d0ef8ddd09c948f4a295e05d0dced134" archimateElement="id-d1e89bb74936424a90ee9fd56b353063">
          <bounds x="1260" y="60" width="120" height="55"/>
          <sourceConnection xsi:type="archimate:Connection" id="id-ddb58704804041668b3eaf1371592f2c" source="id-2c833bf9e08e41229e0726e70159d499" target="id-cc60c5c611e74b71aff75ba86405858d" archimateRelationship="id-2ffcc00b8b4d494d875a5dcec3517a32"/>
        </child>
      </child>
      <child xsi:type="archimate:Group" id="id-0dd3c8471f964f5288b98180d890ca4e" name="Serviços da aplicação" textAlignment="1">
        <bounds x="192" y="996" width="685" height="140"/>
        <child xsi:type="archimate:DiagramObject" id="id-a7dbbf65ec5e493cb50d5ebbe3c7f468" archimateElement="id-6379fdd2f91b473d9fba85deb0032969" type="1">
          <bounds x="48" y="60" width="120" height="55"/>
          <sourceConnection xsi:type="archimate:Connection" id="id-d8854984685d436a91ae309bdcac2d78" source="id-a7dbbf65ec5e493cb50d5ebbe3c7f468" target="id-be894d38635e4ef185be4eb88d33bb61" archimateRelationship="id-bbb7288da03f4e99af6a1a3628d03499"/>
        </child>
        <child xsi:type="archimate:DiagramObject" id="id-ae418314f1b142b78cc26acbd9a17d57" archimateElement="id-484312e6f15f4a229e5de724f4ff4c7a" type="1">
          <bounds x="216" y="60" width="120" height="55"/>
          <sourceConnection xsi:type="archimate:Connection" id="id-ec3db1cdd63344c99152ae4b7616c32a" source="id-ae418314f1b142b78cc26acbd9a17d57" target="id-9006975f9d06487a81c17da6615e4dea" archimateRelationship="id-a9bcfadb5cd64a20b0114655101c237c"/>
          <sourceConnection xsi:type="archimate:Connection" id="id-e6c7bc62dba8440591f282ee61cd1e8b" source="id-ae418314f1b142b78cc26acbd9a17d57" target="id-f66cad8788394e5c80974ed69f5a393b" archimateRelationship="id-b8807ebb56d6405ea69ba90fbd2f0ef6"/>
          <sourceConnection xsi:type="archimate:Connection" id="id-1043807dff9b46ff9c3b6621d56ab7ef" source="id-ae418314f1b142b78cc26acbd9a17d57" target="id-800adf1bb02e45f598a6d5634bd62d38" archimateRelationship="id-c20cfe0227544180af16b21be80e57f3"/>
        </child>
        <child xsi:type="archimate:DiagramObject" id="id-3193f3d9d35e46e68691a5894d103596" archimateElement="id-05fe28f24585467c8aa8b90a1b708311" type="1">
          <bounds x="372" y="60" width="120" height="55"/>
        </child>
        <child xsi:type="archimate:DiagramObject" id="id-70f53318cb7e4e719388a34eeeffa622" archimateElement="id-166edb42951140ea9e67e374fe243f02" type="1">
          <bounds x="540" y="60" width="120" height="55"/>
        </child>
      </child>
    </element>
  </folder>
</archimate:model>
