<?xml version="1.0" encoding="UTF-8"?>
<project-private xmlns="http://www.netbeans.org/ns/project-private/1">
    <editor-bookmarks xmlns="http://www.netbeans.org/ns/editor-bookmarks/2" lastBookmarkId="0"/>
    <open-files xmlns="http://www.netbeans.org/ns/projectui-open-files/2">
        <group>
            <file>file:/C:/Users/felip/Documents/GitHub/poo2/Padroes_de_Projeto/Criação/metodo_fabrica/ImagemMetodoFabrica/src/metodoestatico/fabrica/FabricaFormato.java</file>
            <file>file:/C:/Users/felip/Documents/GitHub/poo2/Padroes_de_Projeto/Criação/metodo_fabrica/ImagemMetodoFabrica/src/metodoestatico/fabrica/MetodoFabrica.java</file>
            <file>file:/C:/Users/felip/Documents/GitHub/poo2/Padroes_de_Projeto/Criação/metodo_fabrica/ImagemMetodoFabrica/src/metodoestatico/fabrica/FormatoPng.java</file>
            <file>file:/C:/Users/felip/Documents/GitHub/poo2/Padroes_de_Projeto/Criação/metodo_fabrica/ImagemMetodoFabrica/manifest.mf</file>
        </group>
    </open-files>
</project-private>
