<?xml version="1.0" encoding="UTF-8"?>
<project-private xmlns="http://www.netbeans.org/ns/project-private/1">
    <editor-bookmarks xmlns="http://www.netbeans.org/ns/editor-bookmarks/2" lastBookmarkId="0"/>
    <open-files xmlns="http://www.netbeans.org/ns/projectui-open-files/2">
        <group>
            <file>file:/C:/Users/felip_kja6gpn/Documents/GitHub/poo2/Streams_e_Serializacao/LeituraCSV/src/leitura/LeCsv.java</file>
            <file>file:/C:/Users/felip_kja6gpn/Documents/GitHub/poo2/Streams_e_Serializacao/LeituraCSV/src/leitura/TotalCompras.java</file>
            <file>file:/C:/Users/felip_kja6gpn/Documents/GitHub/poo2/Streams_e_Serializacao/LeituraCSV/src/leitura/MainReadCsv.java</file>
        </group>
    </open-files>
</project-private>
